,Unnamed: 0,Unnamed: 0.1,Unnamed: 0.1,Unnamed: 0.1.1,Athlete,Athlete_URL,Division,G_01_Place,G_01_Points,G_02_Place,G_02_Points,G_03_Place,G_03_Points,G_04_Place,G_04_Points,G_05_Place,G_05_Points,G_06_Place,G_06_Points,G_07_Place,G_07_Points,G_08_Place,G_08_Points,G_09_Place,G_09_Points,G_10_Place,G_10_Points,G_11_Place,G_11_Points,G_12_Place,G_12_Points,G_13_Place,G_13_Points,G_14_Place,G_14_Points,G_15_Place,G_15_Points,Games_Finish,Year,Games_Score,Games_Place,G_01_Score,G_02_Score,G_03_Score,G_04_Score,G_05_Score,G_06_Score,G_07_Score,G_08_Score,G_09_Score,G_10_Score,G_11_Score,G_12_Score,G_13_Score,G_14_Score,G_15_Score,G_Ov_n,G_OpenScore,G_01n,G_02n,G_03n,G_04n,G_05n,G_06n,G_07n,G_08n,G_09n,G_10n,G_11n,G_12n,G_13n,G_14n,G_15n,G_OpenPlace,G_Top40,G_Ranch,G_Beach,G_Special,G_Soccer,G_Tennis,R_Place,Regional,R_OpenScore,R_OpenPlace,R_01n,R_02n,R_03n,R_04n,R_05n,R_06n,R_07n,R_Ov_n,R_Ov_n_Place,R_Z,R_01_Place,R_02_Place,R_03_Place,R_04_Place,R_05_Place,R_06_Place,R_07_Place,Fran,Helen,Grace,Filthy_50,Fight_Gone_Bad,Sprint_400,Run_5k,Clean_And_Jerk,Snatch,Deadlift,Back_Squat,Max_Pullups,WC_Qualify,R_Top40,Height,Weight,Affiliate,O_Top40,O_01n,O_02n,O_03n,O_04n,O_05n,O_Ov_n,O_Z,O_01_Place,O_02_Place,O_03_Place,O_04_Place,O_05_Place,Ultra_Score,Ultra_Place,G_SingleModal,G_MultiModal,G_Ranch_Place,G_Beach_Place,G_Soccer_Place,G_Tennis_Place,G_Special_Place
0,0,0,0,0,Mathew Fraser,http://games.crossfit.com/athlete/153604,1,1,100,23,34,2,94,6,76,2,94,2,94,2,94,5,80,4,84,10,60,2,47,2,47,6,38,10,60,2,94,1 (1096),2016,1096,1,2050.27,505,260.44,457.97,2147.81,341.57,701.59,689.05,884.7,188.97,102.12,44.11,89.9,486.55,356.0,84.24881994052394,79,1.0,0.26666666666666666,0.9325675388215272,0.8252694707836941,0.9300036530421724,0.9419682071916352,0.9844215755855216,0.9411639309315712,0.5667006383092849,0.8348082595870207,0.9403959336543606,0.9909638554216867,0.8271391529818496,0.8377000424868999,0.9369057908383752,1,1,228,76,304,306,486,1,4,58,1,100.0,93.01123924,88.23265969,85.22131625,90.56075962,97.68480654,94.45294093,92.73767461,1,3.025451247,1,7,16,4,13,4,13,127.0,,78.0,,,,,375.0,315.0,500.0,485.0,50.0,Qualified,36.0,67.0,190.0,Champlain Valley CrossFit,5.0,0.652542372881356,1.0,0.8717948717948718,0.6341463414634146,0.75,78.16967172279287,1.9567906119999998,35,3,8,44,20,85.38710392474658,1.0,336,760,1.0,5.0,1.0,1.0,1.0
1,1,1,1,1,Ben Smith,http://games.crossfit.com/athlete/43761,1,11,58,23,34,12,56,7,72,6,76,4,84,9,64,4,84,19,42,5,80,7,36,3,44,23,17,5,80,7,72,2 (899),2016,899,2,2235.49,505,281.29,462.51,2289.35,380.82,779.88,679.18,1005.0,180.23,125.49,44.44,108.44,476.67,395.66,71.05205616685173,145,0.7543794507286932,0.26666666666666666,0.7108062114443733,0.8068725180322556,0.7863782116329099,0.8307500495877136,0.7066004258339249,0.9573487693291574,0.2440594324947701,0.8976904813295921,0.6903156768325308,0.9799196787148596,0.5600691443388073,0.884341217013643,0.7997925669835781,2,2,148,72,220,237,422,1,1,184,3,88.10938992,63.64034448,86.53641606,62.35876529,91.85555804,85.87606165,94.16773447,81.79203856,5,2.173488883,7,32,25,54,8,43,15,145.0,439.0,111.0,977.0,520.0,58.0,1220.0,335.0,300.0,540.0,480.0,76.0,Qualified,2.0,71.0,195.0,CrossFit Krypton,28.0,0.5508474576271186,1.0,0.5128205128205128,0.6219512195121951,0.4558823529411765,62.830030858020066,0.769416192,115,1,316,49,314,72.38812480245484,5.0,287,612,12.0,6.0,5.0,3.0,7.0
2,2,2,2,2,Patrick Vellner,http://games.crossfit.com/athlete/158264,1,9,64,11,58,3,88,35,10,9,64,18,44,8,68,2,94,10,60,9,64,8,34,13,27,7,36,3,88,9,64,3 (863),2016,863,3,2215.55,525,262.44,557.59,2343.53,496.63,768.42,669.97,978.0,188.89,128.28,45.65,91.14,470.14,411.07,70.16657342853476,154,0.7808219178082191,0.4,0.9112954690491384,0.42159008023340616,0.7313999269391562,0.5025927290243971,0.7472675656493969,0.9724513388977256,0.3164726707075041,0.8353838405640694,0.6604601391118244,0.9394243641231594,0.8092768654566408,0.9151678232544966,0.7465168539325843,3,3,210,10,220,279,388,3,4,359,15,7.391210619,80.47000438,85.12567878,75.35818288,100.0,78.43556674,90.6997892,73.92577608,25,1.5612120319999998,175,13,34,17,1,77,42,148.0,586.0,87.0,1216.0,389.0,70.0,1158.0,330.0,260.0,525.0,415.0,64.0,Qualified,14.0,69.69,190.0,CrossFit Plateau,6.0,0.652542372881356,1.0,0.8974358974358975,0.7439024390243902,0.6813725490196079,79.50506516722504,2.0277129869999997,35,12,5,19,46,73.02958822279783,4.0,209,654,2.0,34.0,2.0,5.0,8.0
3,3,3,3,3,Brent Fikowski,http://games.crossfit.com/athlete/107101,1,3,88,33,14,1,100,3,88,28,24,39,2,10,60,1,100,30,20,1,100,18,22,10,30,15,25,1,100,3,88,4 (861),2016,861,4,2173.8,485,254.1,438.52,2619.85,674.0,789.12,653.17,1050.0,166.01,150.79,45.37,97.84,452.17,367.52,66.04315283944467,196,0.8361866620695141,0.13333333333333333,1.0,0.9040846097738878,0.4510086455331413,-0.0,0.6738112136266857,1.0,0.12337070214021348,1.0,0.4195826645264849,0.9487951807228916,0.7127628925381734,1.0,0.8970786516853934,6,4,202,88,290,277,370,1,8,225,6,73.53022697,87.0792585,79.24200862,73.24403029,81.09754148,95.05295166,92.06795354,83.04485301,4,2.271002701,22,11,78,23,50,7,34,,,,,,59.0,,,290.0,,405.0,,Qualified,5.0,73.0,212.0,Kelowna CrossFit,15.0,0.6949152542372882,0.9759036144578314,0.6410256410256411,0.7682926829268293,0.4950980392156863,71.50470463726552,1.399308466,13,97,65,15,239,71.78117872897377,6.0,181,680,3.0,2.0,3.0,7.0,2.0
4,4,4,4,4,Cole Sager,http://games.crossfit.com/athlete/153625,1,25,30,40,0,4,84,9,64,18,44,32,16,18,44,3,88,1,100,3,88,9,32,20,20,25,15,2,94,4,84,5 (803),2016,803,5,2386.61,465,269.05,469.13,2443.49,652.78,819.53,676.06,723.14,171.8,128.82,46.6,112.15,465.15,373.64,66.48203171903542,213,0.5539789680276889,0.0,0.8409912784513932,0.7800470054299377,0.6299671226204491,0.060128644696948313,0.5658977998580556,0.9624649492481512,1.0,0.9583423267860997,0.654681647940075,0.9076305220883536,0.506626332469029,0.9387244488504934,0.8759204840103717,7,5,114,64,178,239,426,5,8,475,37,58.39056389,54.59057072,87.34814981,55.33197437,59.84846063,84.95543672,97.7514157,71.17379598,35,1.3470094519999998,45,109,21,80,172,45,3,125.0,434.0,70.0,795.0,490.0,54.0,,345.0,275.0,470.0,475.0,68.0,Cut,28.0,70.0,205.0,CrossFit Deliverance,39.0,0.2457627118644068,1.0,0.3333333333333333,0.35365853658536583,0.5392156862745098,49.439405361152325,-0.19107335399999997,1187,11,753,381,171,64.42827556363686,16.0,147,656,24.0,8.0,4.0,2.0,16.0
5,5,5,5,5,Scott Panchik,http://games.crossfit.com/athlete/34796,1,28,24,11,58,18,44,11,58,10,60,3,88,5,80,13,54,10,60,13,54,3,44,15,25,27,13,11,58,5,80,6 (800),2016,800,6,2401.83,525,290.07,473.74,2358.62,368.22,726.17,736.96,978.0,194.48,102.66,45.74,113.86,489.39,375.11,70.23420428374727,183,0.5337957007784219,0.4,0.6174218251435866,0.7613663992219791,0.7160875918334213,0.8664532033662972,0.8971965933286021,0.8626010527524063,0.3164726707075041,0.7951651197927909,0.9346174424826108,0.9364123159303882,0.4819936617689426,0.8242930651937876,0.8708383751080381,4,6,126,58,184,180,420,1,3,132,2,95.54987527,91.49029339,85.93181436,70.95515434,80.29508616,98.15036175,97.18926962,88.50883641,2,2.696296233,4,10,27,26,58,3,4,,,,,,,,,,,,,Qualified,1.0,69.0,187.0,CrossFit Mentality,3.0,0.6186440677966102,1.0,0.8717948717948718,0.8170731707317073,0.7647058823529411,81.4443598535226,2.15562295,51,7,9,10,16,77.44883968502751,2.0,286,514,19.0,10.0,13.0,4.0,14.0
6,6,6,6,6,Jacob Heppner,http://games.crossfit.com/athlete/199938,1,4,84,28,24,15,50,28,24,4,84,27,26,4,84,19,42,6,76,8,68,1,50,7,36,17,23,4,84,19,42,7 (797),2016,797,7,2182.43,495,286.3,532.83,2233.28,556.28,713.0,765.16,892.28,187.85,96.55,45.23,101.69,475.23,491.7,67.42272223122848,191,0.8247424047527486,0.2,0.6575196766645394,0.5219223599967581,0.8432743434671427,0.3335694653027685,0.9439318665720372,0.8163586573307315,0.5463712921740064,0.8428663932657026,1.0,0.953480589022758,0.6573033707865169,0.8911391209932493,0.467761452031115,5,7,158,24,182,201,380,2,3,218,5,8.315111946,66.55962633,92.97990259,99.40302854,93.01128553,98.45024641,89.92270491,78.37741518,9,1.907708932,130,26,2,2,6,2,50,,,,,,,,,,,,,Qualified,4.0,68.0,192.0,Cobra Command CrossFit,9.0,0.8728813559322034,0.9819277108433736,0.8461538461538461,0.5365853658536586,0.8137254901960784,81.02547537958321,2.208233671,2,70,13,91,10,73.09709934429414,3.0,183,614,10.0,27.0,8.0,6.0,15.0
7,7,7,7,7,Björgvin Karl Guðmundsson,http://games.crossfit.com/athlete/81616,1,7,72,28,24,5,80,17,46,5,80,19,42,31,18,8,68,9,64,6,76,13,27,8,34,22,18,27,26,10,60,8 (735),2016,735,8,2194.33,495,271.29,492.01,2286.84,518.58,894.32,703.8,958.93,181.04,140.82,45.28,107.3,533.11,411.18,62.61757393141061,215,0.8089617950112057,0.2,0.8171665603063175,0.6873328470702651,0.7889251938141817,0.4403955682751975,0.3004968062455641,0.9169768624042766,0.36761787265997975,0.8918627239369739,0.5262707330123061,0.9518072289156628,0.5764909248055315,0.6179011471462965,0.7461365600691443,8,8,176,46,222,227,286,1,5,429,26,70.88786918,77.33761495,73.33594581,41.94525335,82.84951565,89.56275558,86.76063324,74.66851254,21,1.619023519,27,15,108,151,40,19,69,143.0,,120.0,,,,1160.0,335.0,286.0,520.0,445.0,65.0,Qualified,21.0,70.08,185.0,CrossFit Hengill,7.0,0.652542372881356,1.0,0.8461538461538461,0.6219512195121951,0.7009803921568627,76.4325566140852,1.825746486,35,4,18,48,38,68.6344948597831,9.0,191,544,7.0,16.0,7.0,13.0,5.0
8,8,8,8,8,Alex Vigneault,http://games.crossfit.com/athlete/180541,1,6,76,2,94,25,30,20,40,13,54,11,58,14,52,17,46,23,34,24,32,27,13,6,38,18,22,9,64,13,54,9 (707),2016,707,9,2192.01,585,307.3,502.08,2385.0,451.14,798.9,749.71,1046.0,221.34,164.14,45.22,102.36,486.07,446.17,64.12927161525388,228,0.8120383508599767,0.8,0.4341629440544564,0.6465272712537484,0.6893189105816454,0.6314924484996175,0.6391057487579845,0.8416935867372873,0.13409858928284074,0.6019138067486869,0.2767255216693421,0.9538152610441768,0.6476519734946702,0.8399660104801021,0.6251685393258426,9,9,200,40,240,149,294,5,4,343,13,81.70675372,60.42913443,77.56815764,66.68025626,96.9820007,73.303974,89.61683131,78.04101544,11,1.881524989,13,61,90,34,3,87,55,134.0,432.0,71.0,894.0,457.0,,1170.0,360.0,300.0,600.0,455.0,72.0,Wildcard,12.0,71.0,205.0,CrossFit Quebec City,12.0,0.6271186440677966,1.0,0.8461538461538461,0.7682926829268293,0.5098039215686274,75.027381894342,1.673238871,48,9,19,13,216,70.08506605324068,8.0,265,442,4.0,19.0,17.0,11.0,3.0
9,9,9,9,9,Travis Mayer,http://games.crossfit.com/athlete/1690,1,8,68,11,58,11,58,18,44,15,50,22,36,15,50,7,72,13,54,7,72,30,10,25,15,21,19,8,68,26,28,10 (702),2016,702,10,2213.46,525,280.49,495.06,2417.29,537.71,806.34,698.57,995.0,181.95,181.0,47.73,104.75,481.19,596.08,58.804467694018,237,0.7835934702754312,0.4,0.7193150393533291,0.6749736607504662,0.6565531517636075,0.38618911337168105,0.6127040454222853,0.9255530229736154,0.2708791503513383,0.8853154903230448,0.09630818619582664,0.8698125836680055,0.6132238547968886,0.8630033517443233,0.10689714779602406,12,10,184,44,228,174,308,3,1,429,26,8.931046164,54.59057072,89.91770699,47.28887595,90.35295246,86.45905421,92.74170215,67.18312981,55,1.036392749,110,109,10,123,14,40,23,135.0,394.0,78.0,819.0,447.0,54.0,1083.0,345.0,280.0,550.0,475.0,75.0,Qualified,21.0,71.0,195.0,CrossFit Passion,2.0,0.6694915254237288,1.0,0.7948717948717948,1.0,0.7549019607843137,84.38530562159674,2.328678263,17,21,28,2,18,66.12034316263635,13.0,182,520,6.0,17.0,15.0,9.0,4.0
10,10,10,10,10,Alex Anderson,http://games.crossfit.com/athlete/5013,1,12,56,6,76,13,54,23,34,8,68,1,100,19,42,15,50,27,26,15,50,33,7,5,40,11,29,20,40,28,24,11 (696),2016,696,11,2257.18,555,281.93,518.06,2336.94,321.09,822.97,743.26,1049.0,199.11,182.0,45.11,94.94,519.06,602.0,61.54936182884325,236,0.7256163057459988,0.6,0.7039991491172092,0.5817732393224737,0.7380870235824165,1.0,0.5536905606813343,0.8522703048390534,0.1260526739258703,0.7618533707460967,0.08560727661851257,0.957496653279786,0.7545375972342265,0.6842279186139832,0.08643042350907519,11,11,186,34,220,180,282,3,3,214,4,96.02722429,68.33163042,82.3545877,73.8439138,72.49432527,94.69015414,95.90790725,83.37853469,3,2.296975082,2,22,51,19,104,9,7,,,,,,,,,,,,,Qualified,3.0,70.0,210.0,CrossFit Ktown,23.0,0.5508474576271186,1.0,0.5897435897435898,0.3780487804878049,0.5931372549019608,62.23554165520947,0.7965350859999999,115,20,77,316,104,67.6762288547228,10.0,286,410,5.0,22.0,14.0,16.0,9.0
11,11,11,11,11,Marcus Filly,http://games.crossfit.com/athlete/13913,1,31,18,17,46,7,72,31,18,24,32,17,46,21,38,6,76,15,50,4,84,6,38,10,30,19,21,6,76,21,38,12 (683),2016,683,12,2476.55,515,274.93,541.32,2540.71,496.04,837.15,697.54,1003.0,180.11,121.19,45.37,104.26,478.11,493.08,59.27618242558217,235,0.4347093848214403,0.3333333333333333,0.77845139332057,0.4875192479131209,0.5313146892884685,0.5042645433679974,0.5033711852377575,0.927242018267386,0.2494233760660837,0.8985538527951651,0.7363295880149813,0.9487951807228916,0.6202823393834629,0.8775433130340368,0.4629904926534141,10,12,136,18,154,237,332,3,2,420,23,69.53281390000001,60.42913443,90.01287578,43.0780431,71.14997283,84.06207403,93.4071839,73.09601399,26,1.496626834,29,61,9,145,110,49,17,130.0,420.0,69.0,974.0,,59.0,,355.0,275.0,485.0,455.0,63.0,Qualified,20.0,70.0,192.0,CrossFit Mill Valley,30.0,0.6016949152542372,0.9819277108433736,0.38461538461538464,0.5243902439024389,0.6568627450980392,62.98981999426947,0.8100846540000001,66,79,592,118,57,63.79802590771399,17.0,199,484,17.0,30.0,6.0,8.0,23.0
12,12,12,12,12,Josh Bridges,http://games.crossfit.com/athlete/124483,1,2,94,35,10,9,64,14,52,1,100,24,32,12,56,9,64,7,72,28,24,16,24,34,6,12,28,21,38,33,14,13 (678),2016,678,13,2130.24,475,275.94,479.03,2078.83,546.32,797.34,714.29,904.3,226.66,149.04,49.8,95.52,521.23,626.0,60.84048469517503,257,0.8939516503335149,0.06666666666666668,0.7677089980855137,0.7399303022935408,1.0,0.3617919582896488,0.6446415897799858,0.8997753472279159,0.5141339913104115,0.5636376717749478,0.4383092562867845,0.8005354752342706,0.7461826562950159,0.6739838549780484,0.003457216940363008,14,13,168,52,220,186,236,1,2,272,8,20.27655446,91.89315428,83.2670884,92.1665696,90.17711564,83.75170389,89.62096474,78.73616443,6,1.935632468,96,9,43,3,15,52,54,,,,,,,,,,,,,Qualified,7.0,65.0,173.0,,4.0,1.0,1.0,0.7692307692307693,0.5853658536585366,1.0,87.0919324577861,2.663870298,1,6,33,62,1,70.90036692877621,7.0,152,526,8.0,13.0,10.0,21.0,10.0
13,13,13,13,13,Lukas Högberg,http://games.crossfit.com/athlete/24309,1,14,52,17,46,8,68,12,56,23,34,21,38,24,32,16,48,21,38,11,58,21,19,28,12,2,47,7,72,30,20,14 (640),2016,640,14,2284.51,515,275.12,475.95,2524.31,533.57,843.43,749.7,1032.0,189.99,155.26,48.57,82.58,478.2,610.0,58.376314680436714,255,0.6893739474068079,0.3333333333333333,0.776430546692193,0.7524110543804199,0.5479563258513618,0.3979201496132157,0.4810858765081621,0.8417099847498482,0.17164619428203615,0.8274696021296495,0.3717495987158909,0.8417001338688086,0.9325842696629214,0.8771184440353115,0.058772687986171135,13,14,166,56,222,194,258,5,5,600,57,52.87795263,54.59057072,57.36998265,65.30576587,79.03065955,87.02317291,83.09015004,68.46975062,46,1.136537913,53,109,211,37,67,31,92,,,,,,,,315.26,253.53,485.02,403.45,,Cut,39.0,72.05,207.0,CrossFit Solid,24.0,0.5847457627118644,0.9819277108433736,0.4358974358974359,0.7439024390243902,0.6127450980392157,67.1843689303256,1.069761578,82,74,422,20,84,62.87413126186367,20.0,218,422,9.0,11.0,9.0,17.0,6.0
14,14,14,14,14,Noah Ohlsen,http://games.crossfit.com/athlete/2725,1,32,16,23,34,6,76,8,68,3,88,33,14,17,46,22,36,15,50,17,46,4,42,12,28,38,2,38,4,11,58,15 (608),2016,608,15,2494.12,505,272.25,464.79,2222.32,661.0,817.66,769.89,1003.0,204.16,104.67,45.38,145.66,595.73,412.8,53.22027651302764,279,0.4114097786736334,0.26666666666666666,0.8069559668155711,0.7976335197341762,0.8543958274140518,0.036836587231872144,0.5725337118523778,0.8086023973894364,0.2494233760660837,0.7255198215698971,0.9131086142322096,0.9484605087014726,0.02391241717084409,0.32228673936647306,0.7405358686257563,15,15,126,68,194,184,218,2,1,279,9,48.36007514,60.72106262,81.90673459,73.67792662,84.81409252,94.02747195,90.60058695,76.30113577,16,1.746100059,64,53,55,21,32,11,43,132.0,,106.0,1145.0,421.0,59.0,,345.0,280.0,490.0,425.0,72.0,Qualified,8.0,67.0,188.0,Peak 360 CrossFit,1.0,0.8728813559322034,1.0,0.8461538461538461,1.0,0.8872549019607843,92.12580208093668,2.9298354360000003,2,9,21,5,4,67.18473308708066,11.0,188,420,20.0,7.0,12.0,27.0,12.0
15,15,15,15,15,Samuel Kwant,http://games.crossfit.com/athlete/74320,1,13,54,35,10,23,34,21,38,21,38,8,68,1,100,23,34,37,6,27,26,10,30,24,16,9,32,12,56,17,46,16 (588),2016,588,16,2267.36,475,301.29,509.67,2472.31,436.22,697.2,778.01,1054.0,225.35,131.83,47.12,92.09,494.51,474.98,61.031288835361956,281,0.7121165908578551,0.06666666666666668,0.4980855137204848,0.6157711321825107,0.6007224905629743,0.6737695163072737,1.0,0.7952872111900038,0.11264281499758624,0.5730628102741204,0.6224719101123594,0.8902275769745651,0.7955920484010371,0.8001227399329652,0.5255661192739843,16,16,98,38,136,146,302,4,8,435,29,48.01207231,56.63406802,77.94883278,61.64239953,75.18303015,91.46272413,92.23742405,71.87436442,32,1.401538759,66,96,87,58,85,14,29,129.0,,107.0,,,,1085.0,325.0,275.0,465.0,430.0,74.0,Qualified,23.0,70.0,195.0,Mt. Baker CrossFit,18.0,0.5847457627118644,0.9879518072289156,0.5128205128205128,0.7317073170731707,0.5980392156862745,68.30529231041477,1.160794348,82,45,308,23,99,65.43409457919452,14.0,194,394,28.0,20.0,20.0,10.0,29.0
16,16,16,16,16,Rob Forte,http://games.crossfit.com/athlete/7285,1,10,60,28,24,26,28,38,4,7,72,25,30,7,72,24,32,24,32,18,44,23,17,38,2,4,42,17,46,8,68,17 (573),2016,573,17,2228.0,495,311.25,613.35,2291.71,554.38,763.73,787.74,1047.0,206.53,158.29,51.06,89.32,508.83,399.19,56.358390640032034,297,0.7643119521542522,0.2,0.3921506062539885,0.19563984115406427,0.783983439542152,0.33895327420588817,0.7639105748757985,0.7793319449682697,0.13141661749718392,0.7084682351248291,0.3393258426966293,0.7583668005354752,0.8354940939210603,0.7325213614691027,0.7875885911840969,18,17,112,4,116,121,292,1,6,465,34,59.55775923,47.58429426,71.04069865,77.13453698,84.33453755,93.10894411,90.1500434,74.70154488,20,1.621594619,44,193,122,11,36,12,47,136.0,421.0,76.0,1001.0,472.0,59.0,1130.0,325.0,270.0,495.0,418.0,53.0,Qualified,26.0,68.5,194.0,Reebok CrossFit Frankston,8.0,0.6949152542372882,0.9819277108433736,0.6153846153846154,0.9146341463414634,0.8676470588235294,81.49017571260539,2.128642606,13,71,70,7,6,66.32156730837093,12.0,119,454,25.0,37.0,24.0,12.0,33.0
17,17,17,17,17,Christian Lucero,http://games.crossfit.com/athlete/6122,1,16,48,35,10,17,46,19,42,14,52,37,6,26,28,25,30,2,94,12,56,14,26,21,19,3,44,31,18,15,50,18 (569),2016,569,18,2314.71,475,289.16,496.95,2400.46,667.0,872.73,788.97,725.21,190.31,144.22,46.7,88.45,551.84,456.79,58.72873237612218,287,0.6493256773064223,0.06666666666666668,0.6271006168900232,0.6673150174244267,0.6736311239193082,0.01983508543254654,0.3771114265436479,0.7773149894232818,0.9944483184036904,0.8251672782214547,0.4898876404494382,0.9042838018741634,0.8480265053298761,0.5294811877448896,0.5884528954191874,17,18,104,42,146,165,252,4,2,404,20,9.627051831000001,92.83316304,68.28640206,72.05299942,80.46932447,84.60522177,93.8205266,71.67066988,34,1.385684031,108,8,145,25,56,46,16,119.0,,70.0,,,,,352.0,290.0,515.0,440.0,82.0,Qualified,18.0,70.0,190.0,CrossFit Costa Mesa,13.0,0.5677966101694916,0.9819277108433736,0.6666666666666666,0.7317073170731707,0.5980392156862745,70.92275040877955,1.364416038,96,68,58,25,99,64.67240503064892,15.0,147,422,27.0,18.0,16.0,19.0,25.0
18,18,18,18,18,Travis  Williams,http://games.crossfit.com/athlete/14960,1,34,12,4,84,10,60,32,16,19,42,10,60,6,76,35,10,12,56,34,12,5,40,27,13,16,24,32,16,33,14,19 (535),2016,535,19,2523.07,565,277.74,544.27,2454.46,447.98,740.8,918.38,980.0,255.29,120.42,48.35,101.32,552.57,626.0,54.906385698632434,309,0.37301913564693856,0.6666666666666666,0.7485641352903636,0.4755652808169221,0.6188354913341719,0.6404465727805955,0.8452803406671401,0.5651083088729646,0.3111087271361905,0.3576516296136413,0.7445692883895131,0.8490629183400268,0.6626332469029099,0.5260350280885614,0.003457216940363008,19,19,156,16,172,147,234,2,7,468,35,78.51929414,40.86994599,91.00375077,68.21199767,83.22996259,86.23466499,82.67267391,75.82032715,18,1.708675934,15,240,7,29,39,42,96,,461.0,,,486.0,,1255.0,365.0,290.0,565.0,475.0,50.0,Qualified,,69.0,205.0,U Can CrossFit,,0.6101694915254238,0.993975903614458,0.5384615384615384,0.6707317073170732,0.7156862745098039,70.58049830856594,1.3555001180000001,60,40,159,32,31,63.72082307938696,18.0,237,298,11.0,31.0,19.0,22.0,18.0
19,19,19,19,19,Garret Fisher,http://games.crossfit.com/athlete/21292,1,35,10,11,58,31,18,10,60,30,20,6,76,11,58,14,52,33,14,30,20,33,7,19,21,1,50,22,36,25,30,20 (530),2016,530,20,2539.9,525,315.15,471.57,2650.77,421.13,791.7,739.88,1051.0,239.33,182.0,46.54,77.9,523.42,583.0,53.33685287846826,311,0.3507008447267567,0.4,0.3506700701978305,0.7701596563740984,0.4196330722084669,0.7165282933325777,0.6646557842441447,0.8578128330846301,0.12068873035455667,0.4724800345348585,0.08560727661851257,0.9096385542168676,1.0,0.6636453760090641,0.15211754537597233,20,20,86,60,146,148,234,5,2,476,38,75.46118075,60.13720625,80.08733136,38.177053,73.10016305,88.62954808,92.53089737,72.58905426,29,1.457167216,20,75,68,162,100,26,25,129.0,,,,,55.0,,365.0,285.0,,,,Cut,29.0,73.0,200.0,Unaffiliated,37.0,0.3898305084745763,0.9879518072289156,0.5384615384615384,0.4268292682926829,0.2647058823529412,52.15558009621309,-1.11395e-05,476,49,161,207,835,58.39014879060341,25.0,272,258,32.0,9.0,18.0,23.0,26.0
20,20,20,20,20,Lukas Esslinger,http://games.crossfit.com/athlete/2766,1,17,46,7,72,28,24,13,54,27,26,23,34,28,24,26,28,26,28,19,42,15,25,30,10,10,30,23,34,23,34,21 (511),2016,511,21,2317.37,545,312.42,476.79,2614.63,542.29,876.21,791.27,1048.0,208.3,148.63,48.74,94.03,526.47,535.68,52.77206780069764,315,0.6457982468936071,0.5333333333333333,0.3797064454371409,0.7490072129021801,0.4563055566830375,0.3732113003315294,0.3647622427253371,0.77354344653428,0.12873464571152712,0.6957335060076263,0.4426966292134832,0.8360107095046855,0.7676462114664362,0.6492470377189254,0.31571305099395003,22,21,142,54,196,117,196,2,5,566,51,66.68103847,57.50985258,58.14252925,60.13977868,79.2576489,88.75117962,84.30951102,70.6845055,37,1.308925135,34,86,205,69,63,25,84,,,,,,,,,,,,,Qualified,35.0,71.26,200.0,CrossFit Kreis 9,26.0,0.5169491525423728,0.9578313253012049,0.7948717948717948,0.6219512195121951,0.5735294117647058,69.30265807984547,1.2720527670000001,170,347,26,50,127,60.93049977288806,22.0,225,286,14.0,12.0,25.0,29.0,11.0
21,21,21,21,21,Lucas Parker,http://games.crossfit.com/athlete/38209,1,21,38,3,88,34,12,37,6,35,10,5,80,30,20,30,20,27,26,14,52,30,10,9,32,33,7,15,50,12,56,22 (507),2016,507,22,2344.65,575,322.0,584.83,2890.22,396.98,884.88,834.01,1049.0,196.03,181.0,45.35,126.62,504.8,432.08,49.59705896553246,335,0.6096221936373641,0.7333333333333333,0.2778132312273984,0.3112083637247749,0.1766550310508586,0.7849593380748632,0.33399574166075235,0.7034583408490891,0.1260526739258703,0.784013238362472,0.09630818619582664,0.9494645247657296,0.2981849611063093,0.7515460510786952,0.6738807260155575,25,22,138,6,144,81,284,3,8,391,17,67.00132426,56.92599620000001,70.60964004,65.12813046,78.40563957,89.02589913,94.78774852,74.55491117,23,1.610181266,33,90,125,39,70,23,11,,,,,,,,345.0,291.0,,490.0,,Qualified,16.0,68.0,187.0,CrossFit Vic City,32.0,0.3474576271186441,0.9759036144578314,0.5897435897435898,0.5487804878048781,0.4313725490196079,57.86515736289103,0.405688879,672,108,87,87,355,58.069429844672285,26.0,223,284,15.0,36.0,33.0,14.0,28.0
22,22,22,22,22,Zak Carchedi,http://games.crossfit.com/athlete/96973,1,19,42,28,24,38,4,27,26,26,28,15,50,23,34,18,44,14,52,22,36,20,20,16,24,32,8,34,12,1,100,23 (504),2016,504,23,2324.24,495,345.7,529.91,2577.86,488.35,839.76,759.18,1001.0,218.05,152.51,45.95,126.04,566.2,337.75,49.905326850283394,333,0.6366879284965988,0.2,0.02573920442459068,0.5337547613258775,0.4936173235377682,0.5260548015074664,0.4941092973740242,0.8261646688421364,0.2547873196373974,0.625584574429815,0.4011771000535047,0.9293842034805893,0.3065399020455199,0.4616909786149269,1.0,23,23,70,26,96,100,284,4,3,267,7,43.84219765,63.0564881,85.45037228,77.68200349,83.68713834,100.0,84.37564585,76.87054939,13,1.790420825,72,33,32,9,38,1,82,150.0,510.0,105.0,,,,1260.0,340.0,275.0,515.0,475.0,40.0,Qualified,6.0,69.0,184.0,Cobra Command CrossFit,11.0,0.6016949152542372,0.9819277108433736,0.7948717948717948,0.5243902439024389,0.7745098039215687,73.54788937586825,1.630542797,66,81,28,113,14,61.943341376006565,21.0,152,352,38.0,26.0,29.0,15.0,36.0
23,23,23,23,23,James Newbury,http://games.crossfit.com/athlete/16080,1,26,28,11,58,14,52,24,32,36,8,38,4,33,14,10,60,8,68,20,40,19,21,14,26,14,26,25,30,22,36,24 (503),2016,503,24,2394.32,525,282.76,518.96,2890.59,670.0,905.0,714.49,951.94,213.14,151.44,45.71,96.95,529.2,533.29,49.21830855399464,314,0.5437547242371599,0.4,0.6951712401616678,0.5781262663100737,0.1762795794942564,0.011334334532883735,0.26259758694109303,0.8994473869766983,0.3863648554417206,0.6609108568961797,0.4126270733012306,0.9374163319946454,0.7255834053586863,0.6363593447575885,0.3239757994814176,21,24,138,32,170,185,192,2,6,474,36,8.315111946,57.21792439,84.17958909,52.38206174,92.62924007,75.41574919,92.10102096,66.03438534,60,0.946979302,130,88,40,97,7,81,31,128.0,419.0,86.0,,369.0,53.0,1124.0,319.67,264.55,533.52,440.92,85.0,Qualified,27.0,69.69,191.8,CrossFit Mode,27.0,0.4915254237288136,0.9879518072289156,0.4871794871794872,0.7560975609756098,0.5686274509803921,65.82763460186436,0.960830657,189,43,357,17,135,57.09121709287253,28.0,167,336,16.0,23.0,11.0,30.0,19.0
24,24,24,24,24,Rasmus Wisbech Andersen,http://games.crossfit.com/athlete/8896,1,22,36,35,10,21,38,4,84,32,16,16,48,3,88,28,24,22,36,23,34,29,11,36,4,8,34,30,20,33,14,25 (497),2016,497,25,2355.34,475,297.19,440.82,2684.37,494.92,706.86,805.35,1038.0,219.0,172.37,50.58,91.6,547.2,626.0,51.93843497191095,342,0.5954461669031547,0.06666666666666668,0.5416932567538821,0.8947645676310886,0.3855380119332712,0.5074381570372049,0.9657203690560684,0.7504550448485643,0.15555436356809527,0.6187495503273617,0.18865703584804705,0.7744310575635878,0.8026505329876118,0.5513855450125098,0.003457216940363008,26,25,84,84,168,111,240,2,2,381,16,89.19035447,58.09370895,70.11140346,73.75072801,86.41101058,86.50309322,84.60711776,78.38105949,8,1.90799259,5,84,131,20,23,39,79,127.0,,,,,62.0,1190.0,335.0,280.0,485.0,455.0,,Qualified,15.0,72.0,208.0,CrossFit Invictus,10.0,0.6610169491525424,1.0,0.6153846153846154,0.7804878048780488,0.5588235294117647,72.31425797653944,1.458082539,21,21,69,12,147,63.192454056215496,19.0,191,306,33.0,3.0,26.0,20.0,20.0
25,25,25,25,25,Albert-Dominic Larouche,http://games.crossfit.com/athlete/49510,1,18,44,11,58,29,22,29,22,22,36,28,24,25,30,21,38,17,46,21,38,28,12,23,17,24,16,13,54,24,32,26 (489),2016,489,26,2318.05,525,313.6,535.51,2504.04,572.67,848.1,767.6,1004.0,216.64,167.75,46.88,110.99,501.74,582.54,49.121907023794925,333,0.6448964977655185,0.4,0.3671559242714314,0.5110624848042792,0.5685249827495229,0.2871270295542774,0.4645138396025549,0.8123575422658773,0.24674140428042696,0.6357291891502986,0.2380952380952381,0.8982597054886212,0.5233362143474504,0.7659915970353586,0.15370786516853946,24,26,124,22,146,105,224,2,4,312,12,71.23587201,73.42577726,84.73940548,37.74606872,91.05949679,89.21463773,91.26193527,76.95474189,12,1.7969740159999998,26,16,37,163,11,22,37,161.0,475.0,110.0,940.0,477.0,,1190.0,335.0,280.0,545.0,435.0,50.0,Qualified,11.0,70.0,195.0,CrossFit Adm,14.0,0.559322033898305,0.9879518072289156,0.5897435897435898,0.6097560975609756,0.6225490196078431,67.38645096079259,1.126332334,103,54,87,55,79,60.34357619039977,23.0,149,340,21.0,28.0,27.0,25.0,27.0
26,26,26,26,26,Gary Helmick,http://games.crossfit.com/athlete/44402,1,23,34,17,46,20,40,39,2,20,40,35,10,32,16,20,40,30,20,2,94,37,3,4,42,34,6,35,10,6,76,27 (479),2016,479,27,2365.39,515,296.98,638.21,2461.79,664.0,902.0,765.56,1050.0,170.21,183.0,45.06,127.18,576.95,384.85,44.048049460033866,354,0.5821188452306756,0.3333333333333333,0.5439268240799828,0.09490234216711227,0.6113974915777083,0.028335836332209343,0.2732434350603265,0.8157027368282964,0.12337070214021348,0.9697819987049426,0.0749063670411985,0.9591700133868808,0.2901181215787956,0.41094273710050494,0.8371650821089023,28,27,120,2,122,131,226,5,1,392,18,8.931046164,63.0564881,88.78687790000002,59.0885265,76.32437098,82.49554367,92.52263051,67.31506912,53,1.046662351,110,33,14,70,81,58,26,,,120.0,,411.0,,,320.0,250.0,525.0,420.0,60.0,Wildcard,17.0,70.0,180.0,CrossFit Revamped,33.0,0.3474576271186441,0.9578313253012049,0.5128205128205128,0.5,0.5588235294117647,57.538659893042535,0.39420375700000004,672,272,234,136,147,53.08029219669294,34.0,109,370,22.0,38.0,21.0,24.0,32.0
27,27,27,27,27,Ben Stoneberg,http://games.crossfit.com/athlete/30740,1,20,40,17,46,19,42,30,20,11,58,20,40,38,4,31,18,3,88,38,4,12,28,35,5,28,12,26,28,20,40,28 (473),2016,473,28,2330.77,515,293.17,539.11,2370.32,529.41,942.0,842.82,779.54,305.0,138.88,50.52,114.2,531.16,493.04,52.25424460335715,348,0.6280284846636344,0.3333333333333333,0.5844501169963836,0.4964745927546802,0.7042152047733082,0.409707857527415,0.13129879347054652,0.6890116917829557,0.8487367912889557,-0.0,0.5470304975922954,0.7764390896921017,0.477095937770095,0.6271066421186803,0.4631287813310285,27,28,128,20,148,105,204,2,8,284,10,57.10942071,72.08290759999998,91.02054526,61.14735003,73.45663225,88.8057041,92.08862068,76.53016866,14,1.7639270180000002,46,17,6,65,94,24,32,130.0,426.0,87.0,905.0,486.0,57.0,1140.0,335.0,265.0,500.0,475.0,63.0,Qualified,9.0,67.0,180.0,CrossFit Intensify,38.0,0.4576271186440678,0.9759036144578314,0.2564102564102564,0.4878048780487805,0.5049019607843137,53.652956566904976,0.09605025699999999,245,100,1015,144,225,59.19248100391554,24.0,151,322,18.0,29.0,28.0,28.0,24.0
28,28,28,28,28,Jacob Anderson,http://games.crossfit.com/athlete/155824,1,36,8,9,64,37,6,33,14,12,56,12,56,20,40,38,4,5,80,26,28,17,23,31,9,39,1,24,32,30,20,29 (441),2016,441,29,2546.12,535,340.78,553.7,2380.37,452.48,834.62,1213.5,885.14,224.93,149.88,48.77,147.32,527.61,610.0,40.2084237392092,369,0.34245249240806824,0.4666666666666667,0.07806849606466743,0.4373531080314448,0.6940171287088526,0.6276954464311013,0.5123491838183111,0.08117016217634422,0.5655205707235961,0.576084610403626,0.4293204922418406,0.8350066934404283,-0.0,0.6438653637350705,0.058772687986171135,30,29,78,14,92,43,256,4,1,455,33,66.03430754,60.72106262,87.28097184,46.1560862,60.30723489,89.44322114,92.32422602,71.75244432,33,1.39204901,35,53,22,129,167,21,28,,,,,,,,385.0,315.0,545.0,,,Qualified,25.0,68.0,190.0,CrossFit Boro,29.0,0.4661016949152542,0.9698795180722892,0.5641025641025641,0.5853658536585366,0.4705882352941176,61.12075732085522,0.647495122,231,175,139,66,293,52.96802420876865,35.0,167,274,36.0,32.0,39.0,18.0,38.0
29,29,29,29,29,Sean Sweeney,http://games.crossfit.com/athlete/134617,1,37,6,17,46,22,36,5,80,33,14,34,12,29,22,11,58,35,10,35,10,22,18,32,8,36,4,18,44,14,52,30 (420),2016,420,30,2548.74,515,300.68,455.88,2753.16,663.0,877.22,723.7,1052.0,261.0,158.24,49.17,129.23,515.07,454.94,44.58209228228295,380,0.33897810606161105,0.3333333333333333,0.5045734950010635,0.8337385525569334,0.3157344644234283,0.03116941996543028,0.3611781405251952,0.88434481740813,0.11800675856889985,0.3165695373767897,0.3398608881754948,0.8216198125836679,0.2605877268798618,0.7030637775574752,0.5948487467588591,31,30,88,80,168,124,150,4,7,582,52,8.623079055,48.46007882,69.24368807,69.59813628,84.81089549,84.41019188,91.82821477,65.28204063,64,0.888419947,121,183,135,28,33,47,35,139.0,398.0,88.0,,,,,341.0,265.0,530.0,430.0,,Qualified,37.0,69.0,195.0,CrossFit Powerstroke,25.0,0.5508474576271186,0.9698795180722892,0.5128205128205128,0.7195121951219512,0.5735294117647058,66.53178190813153,1.026732878,115,146,294,26,127,54.56829175535206,33.0,168,252,31.0,4.0,23.0,35.0,21.0
30,30,30,30,30,Logan Collins,http://games.crossfit.com/athlete/123764,1,27,26,23,34,30,20,26,28,16,48,31,18,36,8,12,56,20,40,29,22,11,29,18,22,37,3,29,22,18,44,31 (420),2016,420,31,2400.44,505,315.0,523.74,2429.24,623.17,926.0,734.87,1007.0,233.85,132.65,46.46,139.72,538.49,475.26,44.74167922884097,363,0.5356389820843666,0.26666666666666666,0.3522654754307594,0.5587567874219953,0.6444270812193045,0.1440310560766202,0.18807665010645847,0.8660282373776298,0.2386954889234565,0.5119073314626952,0.6136971642589619,0.9123159303882196,0.10947853644482852,0.5925034225558231,0.5245980985306828,29,31,80,28,108,130,154,3,7,448,32,7.699177727999999,62.76455992,78.66539775,64.02154921,82.20051792,80.78431373,96.43698591,67.51035745,50,1.061862775,163,35,84,49,46,66,5,129.0,,100.0,,,,,325.0,265.0,500.0,435.0,,Qualified,24.0,67.0,167.0,CrossFit Rejoice,21.0,0.5677966101694916,1.0,0.5641025641025641,0.5121951219512195,0.5245098039215687,63.37208200289688,0.844547136,96,28,133,127,192,54.64492477466029,32.0,134,286,35.0,25.0,22.0,34.0,34.0
31,31,31,31,31,Sam Dancer,http://games.crossfit.com/athlete/621610,1,40,0,1,100,16,48,25,30,38,4,9,64,27,26,36,8,24,32,33,14,33,7,39,1,12,28,19,42,33,14,32 (418),2016,418,32,2804.36,615,288.49,522.23,3038.82,440.03,873.03,995.51,1047.0,251.02,182.0,73.72,95.52,518.16,626.0,40.80846028275846,385,-0.0,1.0,0.6342267602637736,0.5648755976983548,0.02586556804805757,0.6629735626647021,0.3760468417317248,0.4386304379909155,0.13141661749718392,0.3883732642636161,0.08560727661851257,-0.0,0.7461826562950159,0.688476608601237,0.003457216940363008,32,32,148,30,178,92,192,5,3,291,11,88.38963999,61.30491899,84.87376141,64.09143856,81.07356373,81.04225647,90.25337908,78.7184226,7,1.934251519,6,40,35,47,52,65,46,120.0,430.0,60.0,,484.0,,,365.0,315.0,655.0,535.0,65.0,Wildcard,10.0,70.0,210.0,Qtown CrossFit,17.0,0.4406779661016949,0.9819277108433736,0.7692307692307693,0.6707317073170732,0.6029411764705882,69.31018659926997,1.257533592,285,82,37,35,93,56.803690392689774,29.0,230,188,13.0,24.0,31.0,31.0,17.0
32,32,32,32,32,Spencer Hendel,http://games.crossfit.com/athlete/50866,1,33,14,4,84,33,14,16,48,37,6,14,52,16,48,33,14,39,1,37,6,38,2,29,11,5,40,16,48,39,2,33 (390),2016,390,33,2502.56,565,319.56,484.85,2950.96,485.81,810.1,878.55,1096.0,290.12,185.0,48.64,89.41,506.26,627.0,44.76935017670198,389,0.4002174806720685,0.6666666666666666,0.3037651563497128,0.7163465434800227,0.1150200917319478,0.5332521039358477,0.5993612491128462,0.6304215929029402,-0.0,0.10705806173105976,0.05350454788657037,0.8393574297188756,0.8341976375684241,0.7446537317660389,-0.0,34,33,112,48,160,81,157,4,4,352,14,65.76637615,55.75828346,76.07904607,66.55794991,89.45298763,80.66058509,100.0,76.32503262,15,1.747960089,36,101,95,35,17,67,1,145.0,450.0,90.0,1060.0,447.0,61.0,1232.0,365.0,305.0,565.0,550.0,62.0,Qualified,13.0,74.0,215.0,Reebok CrossFit Medfield,31.0,0.5508474576271186,0.9879518072289156,0.38461538461538464,0.8414634146341463,0.4607843137254902,64.51324755662111,0.833355307,115,62,576,9,309,57.303046804258116,27.0,237,153,26.0,15.0,34.0,33.0,22.0
33,33,33,33,33,Adrian Mundwiler,http://games.crossfit.com/athlete/698182,1,5,80,33,14,27,26,34,12,17,46,29,22,35,10,27,26,17,46,38,4,24,16,33,7,30,10,33,14,16,48,34 (381),2016,381,34,2189.25,485,312.19,556.87,2441.69,610.46,915.0,793.5,1004.0,305.0,159.94,49.2,124.31,555.58,467.93,42.78251442760872,398,0.8156983914386877,0.13333333333333333,0.3821527334609658,0.4245076586433261,0.6317936437066201,0.18004590405485807,0.22711142654364802,0.7698866897332043,0.24674140428042696,-0.0,0.32166934189406104,0.8206157965194109,0.3314606741573033,0.5118255204645232,0.5499394987035436,35,34,120,12,132,85,144,4,5,588,54,50.94391919,67.72733907,56.25034989,57.90331974,73.12094376,97.30103806,81.64345058,69.27005147,43,1.198829971,59,23,220,73,98,5,110,,,,,,,,,,,,,Qualified,38.0,67.72,182.98,C23 CrossFit,19.0,0.6101694915254238,0.9698795180722892,0.7179487179487181,0.4024390243902439,0.6764705882352942,67.53814680343937,1.200970959,60,153,45,254,49,54.9076485913692,31.0,81,300,23.0,33.0,32.0,37.0,30.0
34,34,34,34,34,Roy Gamboa,http://games.crossfit.com/athlete/95022,1,29,22,7,72,39,2,36,8,25,30,26,28,22,36,29,22,30,20,25,30,25,15,1,50,31,9,36,8,27,26,35 (378),2016,378,35,2415.48,545,345.73,558.04,2554.14,555.9,838.96,805.75,1050.0,223.33,159.97,43.84,124.55,589.61,600.0,40.32343657798356,388,0.5156944131337109,0.5333333333333333,0.02542012337800453,0.4197665937272066,0.5176868125177579,0.3346462270833924,0.4969481902058197,0.7497991243461292,0.12337070214021348,0.5875962299446003,0.3213483146067416,1.0,0.32800345721694035,0.3511778312797998,0.0933448573898012,33,35,96,8,104,98,148,1,7,418,22,85.13134797,60.72106262,65.58248894,58.56726849,86.54848301,78.47331446,92.56396478,75.36970433,19,1.673601345,10,53,162,71,22,76,24,,,,,,,,,,,,,Qualified,19.0,68.0,200.0,CrossFit Abilene,16.0,0.6440677966101694,1.0,0.6410256410256411,0.6951219512195121,0.4264705882352941,68.13371954181233,1.159910429,42,32,59,30,366,55.396977326346644,30.0,182,196,29.0,35.0,30.0,36.0,35.0
35,35,35,35,35,Joseph Guesnier,http://games.crossfit.com/athlete/95767,1,39,2,9,64,32,16,40,0,39,2,7,72,13,54,37,6,38,4,16,48,26,14,17,23,35,5,28,24,29,22,36 (356),2016,356,36,2652.36,535,316.44,661.63,3064.31,435.26,797.4,995.58,1095.0,201.2,162.43,45.97,129.16,536.9,605.0,34.74253096494959,405,0.20156745216088265,0.4666666666666667,0.3369495851946395,-0.0,-0.0,0.6764897565951659,0.6444286728176013,0.4385156519029893,0.002681971785656815,0.7468163177206993,0.2950240770465489,0.9287148594377512,0.2615960818208009,0.6000094415333052,0.07605877268798616,36,36,82,0,82,64,224,5,7,550,48,76.80083767,50.79550431,75.35688294,50.75131043,82.43070431,87.00849324,85.14446327,72.61259945,28,1.458999875,19,171,100,108,44,32,76,174.0,511.0,107.0,1198.0,390.0,58.0,1302.0,345.0,300.0,545.0,470.0,50.0,Cut,34.0,72.0,210.0,Double T CrossFit,35.0,0.4491525423728814,0.9578313253012049,0.5897435897435898,0.3414634146341464,0.3970588235294117,54.704993911624676,0.22335546399999998,261,362,87,432,439,49.05244446019385,38.0,178,178,34.0,39.0,35.0,26.0,39.0
36,36,36,36,36,Mitchell Sinnamon,http://games.crossfit.com/athlete/284801,1,30,20,28,24,24,32,15,50,34,12,13,54,37,6,32,16,27,26,32,16,39,1,37,3,29,11,14,52,33,14,37 (337),2016,337,37,2459.54,495,307.14,479.48,2859.61,471.65,936.0,853.02,1049.0,245.8,190.0,50.85,117.29,503.28,626.0,39.65691843038077,424,0.4572663740402341,0.2,0.4358647096362477,0.7381068157873409,0.2077160368551364,0.5733756481822562,0.1525904897090135,0.6722857189708608,0.1260526739258703,0.4259299230160442,-0.0,0.7653949129852745,0.4325842696629213,0.758721616390502,0.003457216940363008,38,37,76,50,126,63,168,5,6,493,41,71.39909458,60.72106262,82.49454179,50.06988934,74.87771348,86.31854881,80.3455545,72.31805787,30,1.436073995,25,53,50,112,87,41,125,,,,,,,,,,,,,Cut,30.0,67.72,198.42,CrossFit Melbourne,36.0,0.4491525423728814,0.9879518072289156,0.7692307692307693,0.35365853658536583,0.25,56.19987310835863,0.33704333,261,52,34,372,896,51.86643801733072,36.0,143,194,37.0,14.0,36.0,32.0,31.0
37,37,37,37,37,Khan Porter,http://games.crossfit.com/athlete/105874,1,15,50,23,34,35,10,2,94,29,22,36,8,34,12,39,2,36,8,31,18,30,10,22,18,20,20,37,6,32,16,38 (328),2016,328,38,2300.81,505,326.65,423.17,2630.04,667.0,913.0,1263.0,1053.0,239.55,181.0,46.72,104.33,590.2,619.0,34.59139139666589,421,0.6677584903658715,0.26666666666666666,0.2283556690065946,0.9662857605964827,0.44066850671753865,0.01983508543254654,0.23420865862313706,-0.0,0.11532478678324305,0.4708971868479746,0.09630818619582664,0.9036144578313254,0.6192739844425238,0.3483925789548221,0.027657735522904063,37,38,94,94,188,60,68,3,6,506,44,62.73290013,61.30491899,71.37099032,41.26965638,68.96639918,86.83233721,99.76852809,70.32081861,39,1.280617275,41,40,119,152,117,35,2,124.0,,70.0,1000.0,468.0,,,352.74,288.81,533.52,418.88,70.0,Qualified,31.0,71.65,205.0,CrossFit Play,22.0,0.6101694915254238,0.9638554216867472,0.6410256410256411,0.5853658536585366,0.5343137254901961,66.69460266773089,1.080621395,60,234,60,63,173,50.694216763280146,37.0,184,144,30.0,1.0,37.0,38.0,13.0
38,38,38,38,38,Zeke Grove,http://games.crossfit.com/athlete/180106,1,38,4,17,46,36,8,22,36,31,18,30,20,39,2,34,12,33,14,36,8,33,7,26,14,26,14,39,2,33,14,39 (219),2016,219,39,2598.6,515,332.55,517.05,2664.14,614.86,979.0,906.3,1051.0,267.55,182.0,47.83,113.22,664.0,626.0,27.72103479735084,473,0.2728586773462056,0.3333333333333333,0.16560306317804713,0.5858659534808334,0.4060660794739621,0.16757813606868602,-0.0,0.5849171080465048,0.12068873035455667,0.2694438448809266,0.08560727661851257,0.8664658634538154,0.491212906943244,-0.0,0.003457216940363008,39,39,58,36,94,55,60,4,6,542,47,52.85639494,70.08319953,85.43917595,46.88118812,56.55231945,73.29348852,94.30000413,68.48653866,45,1.137844623,54,20,33,126,207,88,14,120.0,433.0,75.0,,,,,319.67,249.12,462.97,396.83,66.0,Qualified,33.0,66.54,176.0,Live Elite CrossFit,34.0,0.4830508474576271,0.9578313253012049,0.41025641025641024,0.36585365853658536,0.6323529411764706,56.98690365456597,0.391647009,200,343,534,354,67,44.649970927728084,39.0,137,82,39.0,21.0,38.0,39.0,37.0
39,39,0,0,0,Katrin Tanja Davidsdottir,http://games.crossfit.com/athlete/55121,2,4,84,38,4,5,80,11,58,2,94,14,52,1,100,6,76,2,94,7,72,1,50,10,30,1,50,4,84,12,56,1 (984),2016,984,1,2307.21,295,303.27,522.78,2208.43,460.85,565.4,811.67,797.29,153.96,93.68,49.38,98.48,505.76,610.0,82.986192142618,118,0.8775268484553852,0.7108433734939759,0.7919808497905446,0.7801209261170919,0.9945293014618872,0.5995040124832812,1.0,0.8812359376212275,0.9862007307782013,0.950935960591133,1.0,0.9605131288835436,1.0,0.9201203208556148,0.20534909345888008,1,1,168,58,226,286,458,1,4,240,8,99.87783886,70.36059807,84.50134771,73.39926915,69.63512082,100.0,20.6053957,74.05422433,4,1.571209904,2,12,8,28,40,1,149,138.0,556.0,88.0,,454.0,65.0,,225.0,192.0,315.0,255.0,,Qualified,6.0,66.54,152.0,CrossFit New England,12.0,0.9296875,1.0,0.4492753623188406,0.7068965517241379,0.8095238095238095,77.90766447133576,2.00941142,4,9,109,22,20,79.53848967027534,2.0,244,740,11.0,11.0,1.0,1.0,10.0
40,40,1,1,1,Tia-Clair Toomey,http://games.crossfit.com/athlete/163097,2,6,76,3,88,13,54,1,100,18,44,3,88,22,36,13,54,3,88,2,94,17,23,1,50,6,38,7,72,8,68,2 (973),2016,973,2,2368.8,390,331.41,448.23,2520.45,356.92,740.22,886.76,801.66,148.96,172.15,47.41,114.59,519.42,555.51,77.25702464323071,123,0.8230874618818225,0.9397590361445785,0.6235786953919807,1.0,0.7105081104698795,0.8890994204190815,0.5231314784506272,0.7355884863061526,0.9692140247220712,0.9755665024630541,0.15002166377816287,1.0,0.811623012160898,0.8630514705882354,0.4782630471802064,2,2,218,100,318,219,446,2,6,152,4,49.9194847,62.91861173,81.63746631,78.94820464,85.87015821,72.84996796,82.61606742,73.53713728,6,1.530962019,36,31,12,17,11,30,15,160.0,,81.0,,,,,244.71,180.78,357.15,297.62,50.0,Qualified,2.0,64.17,127.87,CrossFit Gladstone,31.0,0.34375,1.0,0.5797101449275363,0.5603448275862069,0.5833333333333334,61.342766116941526,0.79604628,473,32,32,80,189,73.11543624424795,5.0,387,586,3.0,1.0,6.0,2.0,1.0
41,41,2,2,2,Ragnheiður Sara Sigmundsdottir,http://games.crossfit.com/athlete/8859,2,11,58,9,64,4,84,4,84,11,58,17,46,3,88,8,68,5,80,5,80,18,22,21,19,3,44,5,80,18,44,3 (919),2016,919,3,2445.6,365,298.14,458.22,2431.08,479.25,588.72,818.62,817.17,152.87,177.46,51.24,104.46,506.58,626.0,77.32667932761656,142,0.7552039598709508,0.8795180722891566,0.8226810293237583,0.9705353192744433,0.7918585810773909,0.5482333927775301,0.9363884342607746,0.8677554503840484,0.9089248231361272,0.9563054187192118,0.09250433275563252,0.9232311084385648,0.9300748362956036,0.9166945187165776,0.12521286186517078,3,3,206,84,290,237,418,1,5,46,1,85.64606586,75.77295176,93.30958799,78.1577693,100.0,93.73333609,86.78003291,87.62853484,1,2.627777254,6,3,3,20,1,4,9,,566.0,123.0,,,,1352.0,242.51,198.42,341.72,297.62,36.0,Qualified,25.0,67.32,152.12,CrossFit Sudurnes,3.0,0.7734375,1.0,0.5942028985507246,1.0,0.8015873015873016,83.38455400276051,2.404496103,14,3,22,2,23,81.34245822810297,1.0,279,640,5.0,4.0,3.0,3.0,4.0
42,42,3,3,3,Samantha Briggs,http://games.crossfit.com/athlete/2536,2,1,100,13,54,6,76,9,64,4,84,33,14,4,84,1,100,19,42,15,50,26,14,15,25,2,47,6,76,18,44,4 (874),2016,874,4,2168.65,355,304.89,487.02,2263.18,669.0,589.31,750.44,961.0,170.0,183.0,50.7,99.17,510.74,626.0,71.90971986723397,172,1.0,0.8554216867469879,0.7822860562537404,0.8855920955611267,0.9446922390722572,0.019505127061970568,0.9347790507364976,1.0,0.3498406281582835,0.8719211822660099,0.03249566724436742,0.9340549208258166,0.991931711880262,0.8993148395721924,0.12521286186517078,4,4,230,64,294,262,310,4,5,310,14,3.886945416,62.24206752,91.88005391,100.0,94.22996695,60.96562842,86.88974218,71.44205777,8,1.367889824,195,45,4,1,4,55,6,155.0,,95.0,,,,,220.46,180.78,385.81,275.58,49.0,Qualified,11.0,66.93,135.0,CrossFit Black Five,1.0,0.953125,1.0,1.0,0.9310344827586208,1.0,97.6831896551724,3.456727467,2,22,1,4,1,76.83496356366747,3.0,218,656,2.0,9.0,2.0,14.0,3.0
43,43,4,4,4,Kari Pearce,http://games.crossfit.com/athlete/305891,2,18,44,13,54,18,44,29,22,1,100,38,4,13,54,2,94,1,100,9,64,2,47,20,20,13,27,19,42,3,88,5 (804),2016,804,5,2532.69,355,353.77,566.05,2202.42,673.0,704.55,789.15,793.74,154.69,93.84,51.19,128.49,594.01,505.01,71.08333188550596,199,0.6782251292703407,0.8554216867469879,0.4897666068222623,0.6524996313228139,1.0,0.008359340169415959,0.6204309874522641,0.9249165955465902,1.0,0.9473399014778324,0.9982668977469672,0.9242333132892364,0.6490879326473339,0.5514288101604278,0.7311930281478513,5,5,142,22,164,232,352,4,4,267,10,50.33871953,98.4574792,57.27762803,58.47235462,83.41837553,78.81073931,69.92968633,70.95785465,9,1.330201486,35,2,102,58,14,14,42,,,,,,,,214.0,185.0,365.0,310.0,,Qualified,8.0,63.0,139.0,CrossFit Spot,13.0,0.609375,0.9764705882352941,0.7681159420289855,0.7844827586206896,0.8611111111111112,79.99110799992161,2.159715615,49,110,4,13,11,72.79550992172308,7.0,174,630,14.0,29.0,5.0,10.0,21.0
44,44,5,5,5,Brooke Wells,http://games.crossfit.com/athlete/168305,2,37,6,1,100,2,94,24,32,19,42,4,84,2,94,38,4,6,76,3,88,3,44,9,32,9,32,9,64,38,4,6 (796),2016,796,6,2828.65,415,292.36,549.24,2540.23,370.07,583.33,1263.0,835.6,151.39,101.7,49.32,119.0,529.79,651.0,68.99360236961121,204,0.416626154594069,1.0,0.8572710951526031,0.7020793393304822,0.6925030493910321,0.8524576460098083,0.951091107474086,0.005818915354177982,0.8372852367254917,0.9635960591133006,0.9131282495667244,0.9617157747043495,0.7600561272217026,0.8197276069518717,-0.0,7,6,200,32,232,206,410,3,3,480,31,85.97923261,23.34077532,99.69195225,69.95551319,64.75722859,90.44292417,32.03012018,66.59967804,15,0.990979313,4,264,2,33,51,5,121,126.0,,73.0,,,,,255.0,210.0,405.0,345.0,,Qualified,28.0,66.0,156.0,CrossFit Fringe,15.0,0.609375,1.0,0.5507246376811594,0.7844827586206896,0.6150793650793651,71.19323522762426,1.5141733019999999,49,2,48,12,145,68.76774723168128,8.0,324,472,6.0,24.0,9.0,4.0,9.0
45,45,6,6,6,Kara Webb,http://games.crossfit.com/athlete/2942,2,21,38,19,42,12,56,7,72,8,68,1,100,6,76,11,58,30,20,11,58,19,21,33,7,8,34,3,88,12,56,7 (794),2016,794,7,2541.4,345,329.67,470.15,2322.0,317.12,612.36,859.13,999.0,160.52,181.0,52.99,118.0,501.14,610.0,71.64847769046197,201,0.670526362310514,0.8313253012048193,0.6339916217833631,0.935348768618198,0.8911503941451693,1.0,0.8719039825422803,0.7891806967181318,0.20213014071367488,0.9186206896551724,0.05415944540727903,0.888153938665063,0.7717492984097287,0.9394217914438504,0.20534909345888008,6,7,136,72,208,176,398,1,6,128,3,100.0,65.96306069,87.29303042,87.94884017,60.32540676,86.93136019,78.82611081,81.04111557,3,2.11504019,1,20,6,6,64,8,23,153.0,,,,,,1210.0,253.53,205.03,341.72,330.69,62.0,Qualified,1.0,63.78,154.0,CrossFit Roar,2.0,0.7265625,1.0,0.7246376811594203,0.7672413793103449,0.8849206349206349,82.06724390780799,2.313510808,20,1,7,14,6,76.26974420981477,4.0,276,518,18.0,7.0,14.0,5.0,12.0
46,46,7,7,7,Kristi Eramo,http://games.crossfit.com/athlete/310687,2,3,88,24,32,30,20,2,94,7,72,8,68,15,50,4,84,11,58,20,40,19,21,11,29,35,5,29,22,4,84,8 (767),2016,767,8,2270.61,335,392.53,450.14,2312.82,422.17,709.01,800.96,898.03,175.31,181.0,49.51,182.0,663.0,505.76,63.88074311072877,222,0.9098775798824412,0.8072289156626506,0.257809694793537,0.9943666125940128,0.899506635838992,0.7072837717342844,0.6082651391162031,0.9020094654356428,0.5946124543263626,0.8457635467980296,0.05415944540727903,0.957907396271798,0.023386342376052388,0.263201871657754,0.7274366422918962,10,8,140,94,234,159,322,5,3,474,29,6.108057082999999,62.91861173,78.00346554,19.80457579,74.73765284,59.51263874,78.96574079,54.29296321,40,0.03307629,98,31,15,215,30,64,21,149.0,,107.0,,,,,210.0,165.0,310.0,295.0,,Wildcard,26.0,62.0,128.0,Four Barrel CrossFit East,16.0,0.609375,1.0,0.4782608695652174,0.6206896551724138,0.7301587301587301,68.76968509792722,1.34019551,49,40,92,44,51,62.207419606057826,15.0,249,518,17.0,2.0,18.0,12.0,8.0
47,47,8,8,8,Alessandra Pichelli,http://games.crossfit.com/athlete/37537,2,13,54,4,84,21,38,10,60,28,24,9,64,18,44,9,64,13,54,1,100,12,28,13,27,32,8,20,40,12,56,9 (745),2016,745,9,2484.1,385,359.42,520.47,2616.03,424.22,717.86,841.51,930.98,144.0,146.18,50.49,174.57,633.18,610.0,59.10413275347879,215,0.7211738188889382,0.927710843373494,0.4559545182525433,0.7869340805190974,0.6235048881283111,0.7015715559518502,0.5841243862520458,0.8233571262316706,0.4665319132395242,1.0,0.43132582322357016,0.9382641811986367,0.11026660430308707,0.3877840909090911,0.20534909345888008,9,9,176,60,236,165,358,3,2,632,60,80.44311178,8.118530546,77.10820177,20.53543057,79.6989827,75.8882252,58.80416895,57.22809307,32,0.261534478,9,294,16,209,21,21,62,,,,,,,,,,,,,Qualified,37.0,66.0,,Diablo CrossFit,34.0,0.4375,0.9823529411764704,0.5507246376811594,0.5258620689655172,0.4642857142857143,59.21450724217723,0.6399180999999999,239,103,46,96,422,58.61078352442548,20.0,271,474,9.0,10.0,16.0,7.0,6.0
48,48,9,9,9,Anna Tunnicliffe,http://games.crossfit.com/athlete/9440,2,9,64,30,20,17,46,6,76,17,46,32,16,11,58,12,56,7,72,12,56,15,25,23,17,5,40,1,100,17,46,10 (738),2016,738,10,2413.36,325,347.94,466.26,2499.3,668.0,692.49,865.71,853.9,163.88,161.07,51.74,111.26,486.64,622.0,66.849826346446,214,0.7837008883192645,0.7831325301204819,0.5246558946738479,0.9468220026544758,0.7297602359409419,0.02229157378510923,0.6533278777959628,0.776417875707968,0.7661509756666409,0.9020689655172414,0.2700389948006933,0.91320905993185,0.8505612722170253,1.0,0.1452469197635981,8,10,130,76,206,184,348,2,1,445,28,7.218612916,47.35809485,59.79495572,58.93708294,80.30230095,71.12622202,53.32369222,54.0087088,41,0.01095112,77,118,69,55,18,33,75,133.0,,,,,,1170.0,,,,,,Qualified,24.0,65.75,143.0,Unaffiliated,26.0,0.7109375,0.9647058823529412,0.5797101449275363,0.4224137931034483,0.6706349206349206,66.96804482037693,1.211518264,24,186,31,268,97,63.34799377956492,14.0,194,544,21.0,6.0,12.0,11.0,13.0
49,49,10,10,10,Tennil Reed,http://games.crossfit.com/athlete/135797,2,7,72,13,54,3,88,3,88,16,48,26,28,17,46,10,60,10,60,30,20,13,27,18,22,26,14,12,56,28,24,11 (707),2016,707,11,2375.59,355,293.3,458.14,2460.87,661.0,716.77,849.34,897.99,195.2,154.59,51.15,163.32,547.69,649.0,61.44295493345541,232,0.8170857824722676,0.8554216867469879,0.8516457211250748,0.9707712726736468,0.7647417575415538,0.0417967008470798,0.5870976541189308,0.8081697571572659,0.5947679390499884,0.7477832512315271,0.34022963604852685,0.9250350771697736,0.24181478016838176,0.7449448529411762,0.010017028949213663,11,11,214,88,302,211,234,4,7,521,39,54.53662058,24.35559164,79.0864459,42.04003813,87.78601457,49.44298617,84.84516033,60.29897962,24,0.500559396,30,243,13,124,10,90,11,151.0,,92.0,,391.0,,1202.0,225.0,185.0,330.0,275.0,30.0,Qualified,31.0,66.0,157.0,,35.0,0.1875,0.9882352941176472,0.5072463768115942,0.5258620689655172,0.7063492063492064,58.303858924879314,0.573221489,1095,76,72,98,65,60.51341347317822,17.0,233,474,4.0,3.0,8.0,21.0,2.0
50,50,11,11,11,Kristin Holte,http://games.crossfit.com/athlete/120480,2,2,94,34,12,22,36,21,38,5,80,18,44,21,38,7,72,14,52,6,76,7,36,5,40,34,6,10,60,34,12,12 (696),2016,696,12,2214.61,315,360.56,538.04,2277.95,496.16,737.68,817.98,932.95,153.68,123.32,48.35,181.0,541.85,650.0,61.54511172465946,240,0.9593759667653688,0.7590361445783133,0.4491322561340515,0.7351128152189944,0.9312476105518036,0.5011145786892554,0.5300600109110748,0.8689968189929398,0.4588742906009483,0.9523152709359606,0.6789428076256501,0.9811585488073762,0.03507951356407858,0.7693432486631014,0.005008514474606832,12,12,142,38,180,190,282,3,5,209,5,18.14370592,62.91861173,76.34289565,78.22132189,71.69217933,96.55044127,70.56300803,67.7760234,12,1.082541098,65,31,17,19,35,2,40,144.0,,115.0,1096.0,406.0,61.0,1170.0,209.44,163.14,297.62,264.55,42.0,Qualified,3.0,63.78,132.0,CrossFit Oslo,11.0,0.7109375,1.0,0.6086956521739131,0.5603448275862069,0.98015873015873,77.202734198377,1.961270395,24,35,21,79,2,66.32568012057992,11.0,176,520,15.0,21.0,10.0,17.0,17.0
51,51,12,12,12,Annie Thorisdottir,http://games.crossfit.com/athlete/18588,2,12,56,6,76,1,100,23,34,24,32,25,30,7,72,16,48,18,44,10,60,8,34,27,13,17,23,27,26,23,34,13 (682),2016,682,13,2451.16,375,268.51,547.82,2574.62,621.91,626.46,893.64,960.0,159.0,128.44,52.18,132.68,660.0,627.0,61.515016943121225,244,0.7502894771732888,0.9036144578313252,1.0,0.7062675121663471,0.6611990023484864,0.15071890325456985,0.8334424440807418,0.7222437737605711,0.35372774624893105,0.9261083743842364,0.6234835355285963,0.9043896572459408,0.6000935453695042,0.27573529411764697,0.12020434739056395,14,13,232,34,266,218,266,2,5,54,2,84.7020934,73.40504702,100.0,78.12202097,91.47652514,94.34718806,86.80995362,86.98040403,2,2.577329472,7,6,1,21,8,3,8,157.0,,83.0,907.0,,,,205.03,156.53,363.76,275.58,,Qualified,33.0,66.93,152.0,Reebok CrossFit Reykjavík,9.0,0.890625,1.0,0.7536231884057971,0.8965517241379308,0.6746031746031746,84.30806174293805,2.474922137,6,21,5,7,89,72.97473982967949,6.0,210,472,1.0,23.0,7.0,18.0,5.0
52,52,13,13,13,Carol-Ann Reason-Thibault,http://games.crossfit.com/athlete/103389,2,25,30,9,64,11,58,14,52,10,60,12,56,14,52,22,36,12,56,19,42,11,29,25,15,21,19,17,46,18,44,14 (659),2016,659,14,2619.55,365,329.63,528.04,2362.35,450.7,705.48,966.44,910.71,174.46,145.05,51.91,140.74,586.46,626.0,62.38488225398668,240,0.6014495956158571,0.8795180722891566,0.634230999401556,0.7646069901194515,0.8544211618634967,0.6277864467231387,0.6178941625750135,0.5810380944991853,0.5453237969369509,0.8499507389162562,0.4435658578856152,0.9098015634395672,0.505846585594013,0.5829712566844918,0.12521286186517078,13,14,152,52,204,157,296,2,4,255,9,49.29479705,70.36059807,74.46572969,88.93787734,83.90295562,87.18971540000003,14.46167656,66.94476424,14,1.017839374,37,12,21,5,12,7,161,161.0,,85.0,,,,1320.0,225.0,175.0,400.0,300.0,45.0,Qualified,7.0,64.96,145.0,CrossFit Quebec City,5.0,0.6328125,1.0,0.7101449275362319,0.9827586206896552,0.7896825396825397,82.30797175816853,2.325829526,42,14,9,3,26,67.54310270194756,10.0,235,424,12.0,14.0,19.0,15.0,14.0
53,53,14,14,14,Tasia Percevecz,http://games.crossfit.com/athlete/149475,2,24,32,30,20,14,52,37,6,23,34,6,76,5,80,14,52,4,84,8,68,9,32,16,24,12,28,32,16,23,34,15 (638),2016,638,15,2612.75,325,342.23,624.41,2571.34,421.49,604.58,891.55,802.27,154.61,130.59,50.92,127.17,664.0,627.0,64.23673701040315,257,0.6074601140230699,0.7831325301204819,0.5588270496708557,0.4803716266037458,0.6641846747619654,0.7091785555060187,0.8931260229132568,0.7262976181239819,0.9668428826867759,0.9477339901477831,0.6001949740034662,0.9296452194828622,0.6645229186155286,0.259024064171123,0.12020434739056395,15,15,104,6,110,188,358,5,4,376,22,85.78766172,62.58033963,51.98305737,36.20114395,89.69545265,84.32920654,100.0,72.93955169,7,1.484448465,5,37,162,153,9,9,1,149.0,,84.0,,,,,240.0,205.0,,308.0,60.0,Wildcard,18.0,65.0,153.0,CrossFit Free,17.0,0.609375,0.9882352941176472,0.6521739130434783,0.5344827586206896,0.7261904761904762,70.20914883944582,1.4476826319999998,49,74,13,93,52,67.79680610461457,9.0,186,452,25.0,37.0,11.0,8.0,31.0
54,54,15,15,15,Michele Letendre,http://games.crossfit.com/athlete/3407,2,33,14,13,54,28,24,8,68,31,18,5,80,9,64,25,30,9,64,14,52,16,24,32,8,25,15,21,38,10,60,16 (613),2016,613,16,2759.04,355,390.38,475.82,2723.07,387.83,676.05,992.4,897.44,168.86,164.8,52.94,162.51,634.56,588.19,56.47211811030289,279,0.4781544172890795,0.8554216867469879,0.27067624177139443,0.9186255714496387,0.5260700176591598,0.8029703522068659,0.6981723949809057,0.5306850803010321,0.5969058539998443,0.8775369458128078,0.2296360485268629,0.8891561435157346,0.251286248830683,0.3820187165775403,0.3145847941500548,16,16,92,68,160,101,358,3,4,326,15,91.02670887,73.74331913,56.79630343,95.09453448,28.88225667,87.58241531,81.6586047,73.5405918,5,1.531230904,3,5,104,3,187,6,18,130.0,499.0,119.0,,,,,227.0,192.0,315.0,300.0,50.0,Qualified,12.0,61.0,137.0,Deka CrossFit,4.0,0.71875,1.0,0.8405797101449275,0.6810344827586207,0.8968253968253969,82.74379179457891,2.3653634269999997,22,10,2,28,5,66.30889004164642,12.0,249,364,27.0,8.0,26.0,9.0,23.0
55,55,16,16,16,Chyna Cho,http://games.crossfit.com/athlete/27975,2,26,28,24,32,20,40,5,80,13,54,28,24,19,42,5,80,36,8,17,46,19,21,30,10,11,29,2,94,28,24,17 (612),2016,612,17,2629.92,335,358.37,460.59,2448.42,663.0,722.13,809.68,1014.0,172.23,181.0,52.87,126.4,486.8,649.0,57.96068731440257,283,0.5922835550448579,0.8072289156626506,0.4622381807301017,0.9635451998230352,0.7760745689890586,0.0362238074008025,0.5724768139661757,0.885095818139499,0.14382336935396098,0.8609359605911331,0.05415944540727903,0.8905592303066747,0.6735266604303086,0.9993315508021392,0.010017028949213663,17,17,100,80,180,180,238,4,2,490,34,8.051529791,64.94824437,63.99210628,11.91611058,59.21504445,73.50722361,87.31361891,52.70626828,50,-0.090425383,67,22,51,252,66,27,5,137.0,,120.0,,,,,209.0,170.0,315.0,286.0,50.0,Qualified,29.0,68.0,147.0,CrossFit of Fremont,21.0,0.5703125,0.9764705882352941,0.4492753623188406,0.5948275862068966,0.6746031746031746,65.30978422728411,1.085809269,76,109,101,56,89,57.95929717022962,23.0,196,416,26.0,5.0,13.0,20.0,18.0
56,56,17,17,17,Jamie Hagiya,http://games.crossfit.com/athlete/196834,2,39,2,19,42,26,28,20,40,20,40,2,94,8,68,40,0,21,38,18,44,29,11,19,21,18,22,8,68,12,56,18 (574),2016,574,18,3109.96,345,388.69,537.23,2550.21,330.55,664.91,1266.0,962.0,172.57999999999996,184.0,51.17,137.38,527.04,610.0,53.50044056038231,299,0.16797631148627742,0.8313253012048193,0.28078994614003594,0.7375018433859313,0.6834185949134337,0.9625780205082478,0.7285597381342063,-0.0,0.34595351006763586,0.8592118226600988,0.021663778162911613,0.9246341952295049,0.5451356407857811,0.831216577540107,0.20534909345888008,21,18,72,40,112,82,368,5,2,577,52,78.95496696,50.40254381,64.61301502,54.45265332,31.77048233,25.52962818,81.21976762,55.2775796,35,0.109714697,11,97,46,69,170,165,19,178.0,,132.0,,419.0,,,233.0,188.0,,315.0,,Cut,35.0,63.0,145.0,Torrance CrossFit,28.0,0.5546875,1.0,0.5362318840579711,0.3706896551724138,0.6309523809523809,61.85122840365531,0.838126103,90,18,58,416,124,55.62569203072304,28.0,230,344,32.0,20.0,34.0,6.0,30.0
57,57,18,18,18,Thuridur Erla Helgadottir,http://games.crossfit.com/athlete/19501,2,8,68,34,12,16,48,18,44,14,52,13,54,30,20,3,88,23,34,31,18,10,30,4,42,15,25,38,4,28,24,19 (563),2016,563,19,2404.07,315,346.04,534.95,2454.97,460.22,820.13,799.56,968.0,197.04,133.7,47.96,130.97,688.0,649.0,56.82258009722126,285,0.7919123171432358,0.7590361445783133,0.536026331538001,0.7442265152632354,0.7701123268218976,0.6012594739188586,0.3051554828150573,0.9047249592675928,0.3226308015237503,0.7387192118226601,0.5665077989601388,0.9889757466426136,0.6200888681010289,0.1587566844919786,0.010017028949213663,18,19,128,44,172,233,154,5,5,331,17,53.10955633,100.0,52.94570658,56.43469971,75.33776195,79.30471447,69.75514886,69.5553697,11,1.221037944,32,1,150,65,28,12,43,169.0,512.0,117.0,1136.0,389.0,61.0,1286.0,229.28,178.57,295.42,277.78,60.0,Wildcard,14.0,64.57,127.87,CrossFit Sport,23.0,0.6875,1.0,0.463768115942029,0.6120689655172413,0.5079365079365079,65.42547178791557,1.0947124879999999,26,28,94,47,329,62.00469718243392,16.0,207,356,22.0,18.0,4.0,32.0,19.0
58,58,19,19,19,Emily  Abbott,http://games.crossfit.com/athlete/180250,2,29,22,13,54,7,72,13,54,38,4,11,58,12,56,28,24,37,6,16,48,36,4,14,26,7,36,13,54,18,44,20 (562),2016,562,20,2706.18,355,307.17,526.5,3071.42,448.52,693.55,1049.06,1035.0,170.16,186.0,50.52,115.44,569.35,626.0,54.66735619198654,292,0.5248773589075001,0.8554216867469879,0.7686415320167563,0.7691490930541218,0.20897886362395088,0.633860900579581,0.6504364429896345,0.4207851656451239,0.06219388945036153,0.8711330049261083,-0.0,0.937662858288234,0.8016838166510758,0.6544535427807485,0.12521286186517078,20,20,148,54,202,162,266,2,8,337,18,24.35726581,57.16798593,83.94301117,44.95551319,81.38699015,68.33185209999999,63.11275121,60.46505279,23,0.513485835,62,56,10,106,17,37,49,,,,,,,,240.0,190.0,,,,Qualified,,67.0,164.0,CrossFit Currie Barracks,,0.4921875,1.0,0.5072463768115942,0.5689655172413793,0.6111111111111112,63.590210103281706,0.960950196,164,44,67,71,149,58.008459946597135,22.0,232,330,13.0,13.0,17.0,19.0,15.0
59,59,20,20,20,Camille Leblanc-Bazinet,http://games.crossfit.com/athlete/8404,2,16,48,24,32,37,6,16,48,22,36,16,48,10,60,29,22,8,68,28,24,6,38,26,14,19,21,24,32,9,64,21 (561),2016,561,21,2517.95,335,421.12,530.46,2570.17,475.38,681.34,1060.22,868.7,187.24,114.74,52.02,139.27,649.29,569.99,58.08094253731265,290,0.69125381181774,0.8072289156626506,0.08671454219030525,0.7574693997935407,0.6652496859582371,0.5590169415960767,0.6837424986361156,0.3991388005275817,0.7086216279250562,0.7869950738916256,0.7718804159445408,0.9075967127680896,0.5230355472404115,0.32047961229946537,0.4057397575878993,19,21,86,48,134,101,296,1,7,300,12,77.32522628,64.27170016,59.20292645,84.01652367,64.73155547,73.71597462,40.35306438,66.23099586,16,0.962282639,14,23,73,10,52,25,103,124.0,440.0,100.0,,,80.0,,230.0,190.0,300.0,310.0,80.0,Qualified,10.0,62.0,130.0,CrossFit Roots,6.0,0.8125,1.0,0.6811594202898551,0.5431034482758621,0.9444444444444444,79.62414626020322,2.139599753,10,4,11,90,4,64.54236966959753,13.0,201,360,28.0,16.0,27.0,16.0,27.0
60,60,21,21,21,Margaux Alvarez,http://games.crossfit.com/athlete/3678,2,15,50,7,72,8,68,17,46,21,38,29,22,23,34,26,28,31,18,26,28,19,21,17,23,14,26,18,44,28,24,22 (542),2016,542,22,2513.38,370,317.87,534.26,2560.02,667.0,746.37,994.77,1000.0,181.41,181.0,51.11,129.64,592.95,649.0,52.350765075504206,299,0.6952932337472929,0.891566265060241,0.7046080191502094,0.7462616133313671,0.6744888856523877,0.025078020508247884,0.5063557010365519,0.5260881371712314,0.1982430226230273,0.8157142857142857,0.05415944540727903,0.9258368410503106,0.6356407857811041,0.5558572860962565,0.010017028949213663,22,22,190,46,236,166,170,3,8,369,20,6.663334999,55.4766254,74.27801309,31.32348268,92.5098681,78.85827667,80.38697452,59.92808221,25,0.471690298,83,60,22,164,7,13,20,172.0,478.0,80.0,1182.0,356.0,,1307.0,225.0,180.0,375.0,275.0,45.0,Qualified,16.0,67.0,148.0,ZooTown CrossFit,19.0,0.5703125,1.0,0.5072463768115942,0.5689655172413793,0.6746031746031746,66.42255137312297,1.169040927,76,37,77,70,89,57.189986700193,25.0,210,332,7.0,17.0,15.0,29.0,7.0
61,61,22,22,22,Carleen Mathews,http://games.crossfit.com/athlete/16973,2,27,26,19,42,33,14,26,28,3,88,24,32,31,18,15,50,38,4,22,36,19,21,24,16,27,13,15,50,2,94,23 (532),2016,532,23,2643.49,345,415.2,553.23,2225.19,581.47,821.36,893.52,1046.0,177.37,181.0,51.77,163.7,576.67,498.65,52.11806259619415,325,0.5802890352234059,0.8313253012048193,0.1221424296828248,0.6903111635451998,0.9792732436417919,0.2634028087382969,0.30180032733224216,0.7224765303747382,0.019435590453237967,0.8356157635467979,0.05415944540727903,0.9126077370214468,0.23737137511693185,0.6238719919786098,0.7630471802063508,24,23,82,28,110,114,234,1,8,238,7,6.108057082999999,68.66923753,62.77916827,85.13266603,83.85481852,80.81350888,72.28344886,65.66298645,17,0.918071172,98,15,55,8,13,11,38,188.0,,140.0,1560.0,344.0,81.0,1374.0,205.0,165.0,385.0,285.0,30.0,Qualified,5.0,62.0,138.0,CrossFit Saint Helens,14.0,0.6328125,1.0,0.5217391304347826,0.7413793103448276,0.7380952380952381,72.68052357749697,1.6245171390000002,42,26,61,19,48,59.86813208180807,18.0,152,380,29.0,26.0,23.0,22.0,32.0
62,62,23,23,23,Christy Adkins,http://games.crossfit.com/athlete/9121,2,10,60,19,42,24,32,32,16,26,28,34,12,25,30,18,44,28,24,24,32,29,11,7,36,16,24,16,48,5,80,24 (519),2016,519,24,2413.52,345,377.41,591.8,2590.02,669.0,767.8,909.35,988.0,177.52,184.0,48.79,132.32,578.21,523.28,54.569230264829024,313,0.7835594643567421,0.8313253012048193,0.3482944344703769,0.5765521309541367,0.6471809062608095,0.019505127061970568,0.44789961811238416,0.6917720536891924,0.2448884397107985,0.8348768472906404,0.021663778162911613,0.9723391461214672,0.6043030869971937,0.6174381684491976,0.6396874686967846,23,24,134,16,150,147,226,4,1,548,46,3.886945416,63.93342805,59.20292645,37.11471242,67.51708867,61.31079098,84.54096644,53.9295512,42,0.004789825,195,26,73,146,44,52,12,159.0,487.0,93.0,1110.0,419.0,65.0,1195.0,210.0,163.0,330.0,270.0,44.0,Qualified,34.0,64.0,135.0,CrossFit Reston,27.0,0.578125,0.9764705882352941,0.3623188405797101,0.5,0.7539682539682541,63.41765365566516,0.949157033,68,117,329,141,41,56.1286170687654,27.0,141,378,19.0,32.0,21.0,23.0,24.0
63,63,24,24,24,Lauren Fisher,http://games.crossfit.com/athlete/19117,2,14,52,7,72,15,50,15,50,25,30,22,36,26,28,21,38,27,26,27,26,19,21,34,6,4,42,37,6,34,12,25 (495),2016,495,25,2501.44,370,342.3,528.51,2585.59,531.95,781.31,957.05,982.0,181.96,181.0,53.1,108.69,668.0,650.0,53.73810304725682,327,0.7058469969505459,0.891566265060241,0.5584081388390185,0.7632207638991301,0.6512133845509657,0.4013876504681229,0.4110474631751229,0.5992512995577626,0.268211148254684,0.8130049261083744,0.05415944540727903,0.8859490879935858,0.8806127221702527,0.2423128342245989,0.005008514474606832,25,25,174,50,224,157,134,1,2,388,23,41.63473819,62.58033963,85.89718906,30.90244677,79.24328488,74.84653701,48.89542712,60.57142324,22,0.5217652629999999,46,37,7,169,22,23,84,139.0,,,,,66.0,,242.0,183.0,,290.0,50.0,Qualified,19.0,65.0,138.0,CrossFit Invictus,20.0,0.53125,1.0,0.39130434782608703,0.7586206896551724,0.7698412698412699,69.0203261464506,1.355174825,105,13,184,18,31,58.61043076667529,21.0,227,268,10.0,15.0,20.0,35.0,11.0
64,64,25,25,25,Alea Helmick,http://games.crossfit.com/athlete/134076,2,22,36,34,12,35,10,31,18,30,20,10,60,27,26,30,20,15,50,4,84,32,8,2,47,39,1,29,22,7,72,26 (486),2016,486,26,2550.87,315,418.41,584.22,2687.81,426.25,793.96,1083.94,941.51,152.4,185.0,47.68,184.0,663.0,549.01,46.58094116573042,347,0.6621558315287048,0.7590361445783133,0.10293237582286048,0.598908715528683,0.5581659961040617,0.6959150691038788,0.3765411893071465,0.3531305764605477,0.4256005597450051,0.9586206896551724,0.010831889081455806,0.994588093806374,-0.0,0.263201871657754,0.5108183912651507,26,26,58,18,76,86,314,5,1,538,44,51.69915042,47.69636696,67.13515595,41.06291706,50.42200186,59.17160986,54.48062634,53.09540407,44,-0.060136687,34,106,42,129,89,67,71,145.0,,118.0,,460.0,,,225.0,185.0,340.0,305.0,50.0,Cut,32.0,68.0,148.0,CrossFit Revamped,18.0,0.6796875,1.0,0.4057971014492754,0.6120689655172413,0.6626984126984127,67.20503959329858,1.225456466,29,20,152,46,101,52.41316596838642,29.0,146,340,36.0,31.0,32.0,13.0,35.0
65,65,26,26,26,Candice Wagner,http://games.crossfit.com/athlete/11460,2,5,80,2,94,34,12,38,4,27,26,31,18,36,8,17,46,29,22,25,30,32,8,8,34,37,3,26,28,11,58,27 (471),2016,471,27,2366.12,395,417.51,657.79,2602.58,667.0,894.24,905.74,993.0,177.98,185.0,48.85,183.0,659.17,604.0,39.91956558368982,358,0.8254563132540772,0.9518072289156626,0.1083183722321964,0.3819200707860199,0.6357479655555355,0.025078020508247884,0.103000545553737,0.6987741484987199,0.2254528492575605,0.8326108374384237,0.010831889081455806,0.9711365003006612,0.011693171188026194,0.2792028743315509,0.23540018030652105,28,27,186,4,190,103,164,5,7,479,30,6.385696041,58.18280225,56.79630343,64.24769622,94.50274381,24.161379,78.55682442,54.69049217,39,0.064018275,85,51,104,42,3,170,24,,,,,,,,,,,,,Wildcard,27.0,63.0,137.0,CrossFit Iron Horse,36.0,0.3203125,0.9764705882352941,0.3478260869565217,0.5172413793103449,0.5476190476190477,54.18939204242418,0.27073176,556,141,378,109,253,46.77233493262486,33.0,161,310,8.0,38.0,25.0,31.0,16.0
66,66,27,27,27,Stacie Tovar,http://games.crossfit.com/athlete/5512,2,28,24,13,54,9,64,28,24,29,22,15,50,16,48,36,8,35,10,36,8,25,15,6,38,33,7,11,58,28,24,28 (454),2016,454,28,2679.76,355,321.45,563.89,2665.94,473.92,711.71,1182.93,1007.0,216.53,182.0,48.43,179.41,546.74,649.0,47.891273991394435,348,0.5482299907190523,0.8554216867469879,0.683183722321963,0.6588703731013126,0.5780735130805221,0.5630851538118591,0.600900163666121,0.16112576615718818,0.17103319598849415,0.6427093596059114,0.043327556325823226,0.9795550210463018,0.05367165575304027,0.7489137700534758,0.010017028949213663,27,28,142,24,166,132,198,2,3,299,11,63.6987062,58.52107435,75.42837890000001,50.65141405,61.64115401,72.96157741,69.99451454,64.69954564,18,0.843080983,20,50,20,81,58,29,41,142.0,505.0,95.0,1282.0,384.0,85.0,1305.0,228.0,180.0,335.0,305.0,,Qualified,9.0,65.0,145.0,CrossFit Omaha,10.0,0.7265625,1.0,0.6521739130434783,0.646551724137931,0.7222222222222222,74.95020718807264,1.7936313590000001,20,15,13,35,53,57.81098252173287,24.0,188,266,16.0,28.0,22.0,25.0,20.0
67,67,28,28,28,Emily Bridgers,http://games.crossfit.com/athlete/4925,2,19,42,24,32,36,8,19,42,12,56,27,26,35,10,23,34,24,32,34,12,4,42,36,4,37,3,33,14,6,76,29 (433),2016,433,29,2534.09,335,418.54,535.68,2445.33,662.0,892.47,967.6,972.0,203.0,111.51,53.82,183.0,665.0,524.96,46.16093245638661,369,0.6769876695982675,0.8072289156626506,0.10215439856373423,0.7420734404955023,0.7788872908663913,0.03901025412394115,0.10782869612656837,0.5787881138955698,0.3070823291611599,0.7093596059113301,0.806867417677643,0.8715173381439165,0.011693171188026194,0.254846256684492,0.6312731643794448,29,29,82,42,124,91,170,1,1,229,6,77.98045422,70.69887017,59.38101656,64.47807436,64.61923558,78.45937623,74.79180173,70.05840412,10,2.265564855,12,8,71,40,53,16,29,,,,,,,,225.0,180.0,330.0,275.0,,Qualified,4.0,61.0,134.0,CrossFit Terminus,7.0,1.0,1.0,0.5797101449275363,0.5689655172413793,0.8690476190476191,80.3544656243307,2.192611868,1,8,29,74,8,59.42563706364207,19.0,149,284,30.0,19.0,31.0,30.0,28.0
68,68,29,29,29,Whitney Cappellucci,http://games.crossfit.com/athlete/25565,2,35,10,5,80,19,42,25,30,39,2,19,42,32,16,24,32,32,16,22,36,36,4,28,12,24,16,23,34,18,44,30 (416),2016,416,30,2780.4,380,357.7,551.2,3220.56,496.74,850.67,989.0,1001.0,177.37,186.0,52.37,160.28,641.57,626.0,42.12662454249049,381,0.4592743182923056,0.9156626506024096,0.4662477558348295,0.6962984810499925,0.07322179540861845,0.49949843958983503,0.2218494271685762,0.537279851035767,0.1943559045323797,0.8356157635467979,-0.0,0.9005812788133895,0.2773620205799813,0.35273228609625645,0.12521286186517078,31,30,132,30,162,106,188,2,7,372,21,57.25748237,54.80008119,68.74759338,38.58436606,80.18998107,55.20327388,90.39545205,63.59689,19,0.757254896,26,72,34,142,19,76,3,,,,,,,,235.0,190.0,400.0,315.0,,Qualified,17.0,68.0,158.0,CrossFit Albuquerque,38.0,0.3203125,0.9823529411764704,0.37681159420289856,0.2844827586206897,0.2777777777777778,44.834751435556726,-0.410544009,556,102,235,692,1093,48.55142817652569,32.0,184,232,20.0,25.0,24.0,26.0,22.0
69,69,30,30,30,Alexis Johnson,http://games.crossfit.com/athlete/208293,2,30,20,24,32,38,4,36,8,15,50,40,0,24,32,32,16,16,48,32,16,5,40,35,5,20,20,29,22,1,100,31 (413),2016,413,31,2729.94,335,424.14,617.84,2458.74,676.0,761.48,1102.44,954.0,202.82,114.11,53.19,139.41,663.0,451.34,50.19823294929528,377,0.5038759004728863,0.8072289156626506,0.06864153201675659,0.499749299513346,0.7666806240783559,-0.0,0.4651391162029459,0.31724726510978346,0.3770504547928166,0.7102463054187192,0.7787045060658578,0.8841451192623772,0.521398503274088,0.263201871657754,1.0,30,31,56,8,64,85,218,3,7,406,26,6.385696041,67.65442122,64.02098575,62.63107722,70.95407721,28.1503834,84.28664040000002,54.86904018,38,0.077915703,85,17,50,48,38,155,13,,471.0,76.0,,440.0,75.0,,227.0,175.0,342.0,280.0,,Qualified,22.0,62.0,141.0,AllSport CrossFit,8.0,0.734375,1.0,0.5942028985507246,0.6551724137931034,0.7976190476190477,75.6273871992575,1.8431687469999998,18,27,24,33,25,56.466524002814644,26.0,105,308,37.0,36.0,33.0,24.0,37.0
70,70,31,31,31,Christina Seeley,http://games.crossfit.com/athlete/68808,2,23,34,9,64,27,26,34,12,35,10,7,72,33,14,27,26,20,40,33,14,29,11,31,9,31,9,28,24,34,12,32 (377),2016,377,32,2598.83,365,390.19,600.7,2844.86,421.69,873.9,1016.27,962.0,202.83,184.0,52.92,174.04,662.0,650.0,41.730455894269646,401,0.6197639987625404,0.8795180722891566,0.2718132854578097,0.5503023152927295,0.4152087239891496,0.708621266161391,0.15848336061102022,0.4843859104662892,0.34595351006763586,0.7101970443349753,0.021663778162911613,0.8895570254560031,0.11646398503274095,0.267379679144385,0.005008514474606832,33,32,124,12,136,81,176,5,8,512,38,55.98034316,46.68155064,56.31497882,73.67731173,75.42119958,51.66277411,47.204907,58.13472358,29,0.33210279,28,150,108,27,26,86,87,165.0,,,,,,,233.69,189.6,370.38,297.62,30.0,Cut,,64.57,150.0,CrossFit Calgary,,0.09375,0.4941176470588236,0.2898550724637681,0.3189655172413793,0.15476190476190474,27.02900283051752,-1.7368694040000001,1796,744,520,591,1782,43.350950344518736,37.0,177,200,23.0,34.0,36.0,27.0,26.0
71,71,32,32,32,Meg Reardon,http://games.crossfit.com/athlete/115892,2,31,18,19,42,31,18,27,26,37,6,23,34,37,6,31,18,39,2,13,54,32,8,3,44,28,12,14,52,28,24,33 (364),2016,364,33,2743.13,345,403.89,560.58,3024.6,533.35,899.07,1088.34,1050.0,166.14,185.0,47.78,165.44,576.52,649.0,37.54156686071233,393,0.4922172625624254,0.8313253012048193,0.18982645122681044,0.6686329449933637,0.25159751679440745,0.3974866250557289,0.08982542280414607,0.3445961672744202,0.0038871180906475938,0.8909359605911331,0.010831889081455806,0.9925836841050308,0.21702525724976612,0.6244986631016043,0.010017028949213663,32,33,78,26,104,100,172,3,1,587,54,5.830418124,31.12103376,67.96303427,50.11121703,79.85623054,50.37513176,85.0196978,52.89668047,47,-0.075604497,117,233,36,83,20,88,10,,,,,,,,215.0,185.0,355.0,310.0,,Qualified,36.0,66.0,147.0,12th State CrossFit,30.0,0.3828125,1.0,0.4057971014492754,0.5,0.6547619047619048,58.8674301242236,0.615687436,337,23,152,132,107,45.93823790316606,34.0,166,198,31.0,27.0,28.0,28.0,33.0
72,72,33,33,33,Sheila Barden,http://games.crossfit.com/athlete/23856,2,17,46,34,12,39,2,30,20,6,76,30,20,34,12,19,42,26,28,35,10,26,14,37,3,30,10,34,12,12,56,34 (363),2016,363,34,2529.29,315,428.61,572.62,2300.84,667.0,876.15,942.17,979.0,203.28,183.0,55.36,168.45,666.0,610.0,41.03340571223313,409,0.6812303884739471,0.7590361445783133,0.04189108318372232,0.6331219584132134,0.910411622276029,0.025078020508247884,0.15234588106928534,0.6281131197144854,0.2798725025266268,0.7079802955665024,0.03249566724436742,0.8406494287432351,0.18182881197380746,0.25066844919786097,0.20534909345888008,35,34,60,20,80,71,138,1,3,329,16,7.773890832,70.69887017,57.75895264,70.62281538,75.40515388,59.19021144,77.65421633,59.87201581,26,0.467326325,71,8,98,32,27,66,27,128.0,486.0,177.0,,380.0,87.0,1322.0,190.0,160.0,308.0,315.0,40.0,Qualified,13.0,60.0,135.0,CrossFit Kinesis,29.0,0.65625,0.9588235294117649,0.39130434782608703,0.4482758620689655,0.8293650793650794,65.68037637343794,1.116061523,37,297,176,221,16,51.03752822166028,30.0,79,284,34.0,30.0,37.0,33.0,34.0
73,73,34,34,34,Rebecca Voigt,http://games.crossfit.com/athlete/8015,2,34,12,9,64,23,34,22,36,36,8,36,8,28,24,34,12,33,14,29,22,14,26,38,2,22,18,22,36,23,34,35 (350),2016,350,35,2762.23,365,365.65,546.25,2869.57,670.0,797.79,1117.27,1006.0,193.54,156.82,56.69,149.49,638.97,627.0,41.138495756372784,403,0.4753347770362841,0.8795180722891566,0.4186714542190307,0.7108980976257192,0.3927160516302862,0.016718680338831917,0.3660938352427715,0.2884824268756305,0.17492031407914174,0.7559605911330051,0.3160745233968805,0.8139907797153738,0.4035313376987838,0.3635945855614972,0.12020434739056395,34,35,110,36,146,92,138,2,2,404,25,34.69654062,56.15316961,61.63361571,56.99475691,56.5065306,77.78558585,49.55368274,56.18912601,34,0.180665643,52,58,61,62,71,18,82,174.0,487.0,114.0,1452.0,412.0,90.0,1345.0,215.0,163.0,375.0,265.0,31.0,Qualified,21.0,69.0,155.0,CrossFit Training Yard,32.0,0.5703125,0.5058823529411764,0.5507246376811594,0.7672413793103449,0.5793650793650794,59.47051898595521,0.635845235,76,473,50,17,194,48.86455567493367,31.0,154,196,24.0,22.0,30.0,34.0,25.0
74,74,35,35,35,Jennifer Smith,http://games.crossfit.com/athlete/45491,2,40,0,40,0,10,60,12,56,40,0,21,38,29,22,37,6,22,36,39,2,26,14,39,1,23,17,39,2,23,34,36 (288),2016,288,36,3300.0,0,327.25,524.0,3301.0,531.46,803.19,1262.0,968.0,251.05,183.0,97.3,156.81,726.0,627.0,23.705351173140077,440,-0.0,0.0,0.6484739676840215,0.7765226367792362,-0.0,0.4027530093624609,0.3513638843426076,0.007758553805570644,0.3226308015237503,0.4726600985221674,0.03249566724436742,-0.0,0.3179373246024322,-0.0,0.12020434739056395,36,36,60,56,116,98,134,4,3,403,24,53.08179244,62.58033963,72.80997305,41.28932316,77.26324572,46.40266209,59.07345534,58.92868449,28,0.393901375,33,37,24,126,23,100,60,,,,,,,,215.0,160.0,370.0,270.0,,Qualified,20.0,66.0,140.0,CrossFit Maximus Nashland,25.0,0.6015625,1.0,0.3623188405797101,0.5775862068965517,0.6944444444444444,64.71823983841412,1.043611292,57,23,349,63,72,41.416244370959284,38.0,126,162,35.0,12.0,29.0,36.0,29.0
75,75,36,36,36,Carly Fuhrer,http://games.crossfit.com/athlete/102114,2,38,4,30,20,32,16,35,10,32,16,35,10,39,2,33,14,34,13,21,38,36,4,22,18,10,30,36,8,23,34,37 (237),2016,237,37,2861.06,325,404.5,615.26,2732.27,670.0,914.0,1105.42,1007.0,176.88,186.0,51.44,121.48,667.0,627.0,36.34843431811057,456,0.3879789631855749,0.7831325301204819,0.1861759425493717,0.507358796637664,0.5176955706457428,0.016718680338831917,0.049099836333878884,0.3114671425246333,0.17103319598849415,0.8380295566502464,-0.0,0.9192222890358788,0.7310570626753976,0.2464906417112299,0.12020434739056395,37,37,40,10,50,82,105,4,8,511,37,6.663334999,54.80008119,70.64882557,41.78979981,62.86704535,46.03683112,68.62314866,50.20415238,56,-0.285179581,83,72,29,125,55,102,45,135.0,571.0,99.0,,400.0,,,200.0,175.0,335.0,285.0,40.0,Qualified,30.0,63.0,136.0,Oregon CrossFit,33.0,0.40625,0.9647058823529412,0.5217391304347826,0.5172413793103449,0.6071428571428571,60.34158498481853,0.72231382,274,209,63,111,154,44.8565041128857,35.0,92,145,38.0,35.0,35.0,38.0,38.0
76,76,37,37,37,Justine Beath,http://games.crossfit.com/athlete/60656,2,36,8,24,32,25,30,39,2,33,14,20,40,40,0,35,10,25,30,38,4,36,4,29,11,35,5,25,30,38,4,38 (224),2016,224,38,2797.12,335,380.66,682.58,2732.28,526.36,932.0,1143.08,972.0,239.79,186.0,52.41,182.0,656.16,651.0,32.582553343938976,478,0.4444955142086889,0.8072289156626506,0.3288450029922201,0.3088040112077863,0.5176864679859453,0.4169638876504681,-0.0,0.23842035844518603,0.3070823291611599,0.5281280788177339,-0.0,0.8997795149328522,0.023386342376052388,0.2917780748663103,-0.0,38,38,70,2,72,60,108,4,6,434,27,5.830418124,67.99269332,62.42298806,67.39752145,60.51153686,72.27331914,34.93242906,53.05155799999999,45,-0.06354948,117,16,56,38,62,31,114,,,,,,,,,,,,,Qualified,23.0,64.17,138.0,CrossFit Lower Mountains,24.0,0.5078125,0.9764705882352941,0.4492753623188406,0.5258620689655172,0.6825396825396826,62.839204041186676,0.906014529,139,130,109,99,80,44.13417240584742,36.0,94,130,33.0,39.0,38.0,37.0,36.0
77,77,38,38,38,Madeline Sturt,http://games.crossfit.com/athlete/21556,2,32,16,30,20,40,0,33,14,34,12,39,2,38,4,39,2,40,0,37,6,32,8,12,28,29,11,34,12,34,12,39 (147),2016,147,39,2753.33,325,435.61,599.32,2826.11,675.0,906.0,1264.0,1051.0,239.56,185.0,50.21,168.02,666.0,650.0,26.03769656964791,503,0.4832014849516066,0.7831325301204819,-0.0,0.5543725114289926,0.4322762111088859,0.0027864467231386537,0.07092198581560283,0.003879276902785322,-0.0,0.5292610837438424,0.010831889081455806,0.9438765283623972,0.18685687558465844,0.25066844919786097,0.005008514474606832,39,39,36,14,50,49,36,5,6,788,81,0.832916875,55.8148975,59.20292645,38.85446457,56.83386284,42.53766819,72.65745774,46.67631345,63,-0.559771755,299,59,73,140,70,111,36,,,,,,,,202.83,158.73,308.65,282.19,,Cut,38.0,62.6,130.07,CrossFit Newcastle,37.0,0.265625,0.9588235294117649,0.2028985507246377,0.4051724137931034,0.5158730158730159,46.967850196050435,-0.257665156,775,315,841,311,302,35.80715093413721,39.0,83,64,39.0,33.0,39.0,39.0,39.0
